INSERT INTO VOCABULARY_TYPE (ID,VERSION,SHORT_TYPE,TYPE_NAME,TYPE_MEANING_TH,TYPE_DESCRIPTION_TH) VALUES (1,0,'n','Noun','คำนาม','คำนาม (Noun) คือ คำที่ใช้เรียกแทนชื่อคน (Person), สัตว์ (Animal),  สิ่งของ (Thing), สถานที่ (Place), ความคิด (Idea)');
INSERT INTO VOCABULARY_TYPE (ID,VERSION,SHORT_TYPE,TYPE_NAME,TYPE_MEANING_TH,TYPE_DESCRIPTION_TH) VALUES (2,0,'pron','Pronoun','คำสรรพนาม','คำสรรพนาม (Pronoun) คือ คำที่ใช้แทนคำนาม เพื่อไม่ต้องพูดนามนั้นซ้ำ ทำหน้าที่เป็นได้ทั้งประธานและกรรม เช่น I, You, He, She, It, They, We, His, Her, Some');
INSERT INTO VOCABULARY_TYPE (ID,VERSION,SHORT_TYPE,TYPE_NAME,TYPE_MEANING_TH,TYPE_DESCRIPTION_TH) VALUES (3,0,'v','Verb','คำกริยา','คำกริยา (Verb) คือ คำที่แสดงอาการหรือการกระทำในประโยค เช่น Play, Sing, Be, Have, Do, Can, Must');
INSERT INTO VOCABULARY_TYPE (ID,VERSION,SHORT_TYPE,TYPE_NAME,TYPE_MEANING_TH,TYPE_DESCRIPTION_TH) VALUES (4,0,'adj','Adjective','คำคุณศัพท์','คำคุณศัพท์ (Adjective) คือ คำที่ทำหน้าที่ขยายคำนาม โดยตำแหน่งจะอยู่หน้านามเสมอ หรือตามหลัง Verb to be และ Linking Verb เช่น Big, Small, Fast, Green, Red');
INSERT INTO VOCABULARY_TYPE (ID,VERSION,SHORT_TYPE,TYPE_NAME,TYPE_MEANING_TH,TYPE_DESCRIPTION_TH) VALUES (5,0,'adv','Adverb','คำกริยาวิเศษณ์','คำกริยาวิเศษณ์ (Adverb) คือ คำที่มีหน้าที่ขยายกริยา ขยายคุณศัพท์ และขยายกริยาวิเศษณ์ด้วยกันเอง เช่น Very, Badly, Quickly, Well');



-- INSERT INTO VOCABULARY_TYPE (ID,CREATED_BY,CREATED_DATE,UPDATED_BY,UPDATED_DATE,VERSION,SHORT_TYPE,TYPE_NAME,TYPE_MEANING_TH,TYPE_DESCRIPTION_TH) VALUES (1,null,null,null,null,0,'n','Noun','คำนาม','คำนาม (Noun) คือ คำที่ใช้เรียกแทนชื่อคน (Person), สัตว์ (Animal),  สิ่งของ (Thing), สถานที่ (Place), ความคิด (Idea)');
-- INSERT INTO VOCABULARY_TYPE (ID,CREATED_BY,CREATED_DATE,UPDATED_BY,UPDATED_DATE,VERSION,SHORT_TYPE,TYPE_NAME,TYPE_MEANING_TH,TYPE_DESCRIPTION_TH) VALUES (2,null,null,null,null,0,'pron','Pronoun','คำสรรพนาม','คำสรรพนาม (Pronoun) คือ คำที่ใช้แทนคำนาม เพื่อไม่ต้องพูดนามนั้นซ้ำ ทำหน้าที่เป็นได้ทั้งประธานและกรรม เช่น I, You, He, She, It, They, We, His, Her, Some');
-- INSERT INTO VOCABULARY_TYPE (ID,CREATED_BY,CREATED_DATE,UPDATED_BY,UPDATED_DATE,VERSION,SHORT_TYPE,TYPE_NAME,TYPE_MEANING_TH,TYPE_DESCRIPTION_TH) VALUES (3,null,null,null,null,0,'v','Verb','คำกริยา','คำกริยา (Verb) คือ คำที่แสดงอาการหรือการกระทำในประโยค เช่น Play, Sing, Be, Have, Do, Can, Must');
-- INSERT INTO VOCABULARY_TYPE (ID,CREATED_BY,CREATED_DATE,UPDATED_BY,UPDATED_DATE,VERSION,SHORT_TYPE,TYPE_NAME,TYPE_MEANING_TH,TYPE_DESCRIPTION_TH) VALUES (4,null,null,null,null,0,'adj','Adjective','คำคุณศัพท์','คำคุณศัพท์ (Adjective) คือ คำที่ทำหน้าที่ขยายคำนาม โดยตำแหน่งจะอยู่หน้านามเสมอ หรือตามหลัง Verb to be และ Linking Verb เช่น Big, Small, Fast, Green, Red');
-- INSERT INTO VOCABULARY_TYPE (ID,CREATED_BY,CREATED_DATE,UPDATED_BY,UPDATED_DATE,VERSION,SHORT_TYPE,TYPE_NAME,TYPE_MEANING_TH,TYPE_DESCRIPTION_TH) VALUES (5,null,null,null,null,0,'adv','Adverb','คำกริยาวิเศษณ์','คำกริยาวิเศษณ์ (Adverb) คือ คำที่มีหน้าที่ขยายกริยา ขยายคุณศัพท์ และขยายกริยาวิเศษณ์ด้วยกันเอง เช่น Very, Badly, Quickly, Well');
-- INSERT INTO VOCABULARY_TYPE (ID,CREATED_BY,CREATED_DATE,UPDATED_BY,UPDATED_DATE,VERSION,SHORT_TYPE,TYPE_NAME,TYPE_MEANING_TH,TYPE_DESCRIPTION_TH) VALUES (6,null,null,null,null,0,'prep','Preposition','คำบุพบท','คำบุพบท (Preposition) คือ คำที่ใช้บอกตำแหน่ง วันเวลา ทิศทาง สถานที่ หรือบอกความสัมพันธ์ระหว่างนามหรือสรรพนามกับคำอื่น ๆ เช่น To, At, With, In, After, On');
-- INSERT INTO VOCABULARY_TYPE (ID,CREATED_BY,CREATED_DATE,UPDATED_BY,UPDATED_DATE,VERSION,SHORT_TYPE,TYPE_NAME,TYPE_MEANING_TH,TYPE_DESCRIPTION_TH) VALUES (7,null,null,null,null,0,'conj','Conjunction','คำสันธาน','คำสันธาน (Conjunction) คือ คำที่ใช้เชื่อมคำกับคำ กลุ่มคำกับกลุ่มคำ หรือประโยคกับประโยค เช่น And, But, When, Or, So');
-- INSERT INTO VOCABULARY_TYPE (ID,CREATED_BY,CREATED_DATE,UPDATED_BY,UPDATED_DATE,VERSION,SHORT_TYPE,TYPE_NAME,TYPE_MEANING_TH,TYPE_DESCRIPTION_TH) VALUES (8,null,null,null,null,0,'interj','Interjection','คำอุทาน','คำอุทาน (Interjection) คือ คำที่ใช้บ่งบอกอารมณ์ ความรู้สึกที่เกิดขึ้นในตอนนั้น โดยมักจะเป็นภาษาพูด เช่น Oh!, Ouch! Well!');
-- INSERT INTO VOCABULARY_TYPE (ID,CREATED_BY,CREATED_DATE,UPDATED_BY,UPDATED_DATE,VERSION,SHORT_TYPE,TYPE_NAME,TYPE_MEANING_TH,TYPE_DESCRIPTION_TH) VALUES (9,null,null,null,null,0,'vt','Transitive Verb','สกรรมกริยา','สกรรมกริยา (Transitive Verb) คือ กริยาต้องการกรรมมารองรับ เช่น need, want, love, make, say, take, get');
-- INSERT INTO VOCABULARY_TYPE (ID,CREATED_BY,CREATED_DATE,UPDATED_BY,UPDATED_DATE,VERSION,SHORT_TYPE,TYPE_NAME,TYPE_MEANING_TH,TYPE_DESCRIPTION_TH) VALUES (10,null,null,null,null,0,'vi','Intransitive Verb','อกรรมกริยา','อกรรมกริยา (Intransitive Verb) คือ กริยาที่ไม่ต้องการกรรมมารองรับ เช่น rain, snow, wait, work, live, alive');

-- INSERT INTO WORD_CATEGORY (ID,CREATED_BY,CREATED_DATE,UPDATED_BY,UPDATED_DATE,VERSION,CATEGORY_DESCRIPTION_TH,CATEGORY_NAME_EN,CATEGORY_NAME_TH) VALUES (1,null,null,null,null,0,'-','Body','ร่างกาย');
-- INSERT INTO WORD_CATEGORY (ID,CREATED_BY,CREATED_DATE,UPDATED_BY,UPDATED_DATE,VERSION,CATEGORY_DESCRIPTION_TH,CATEGORY_NAME_EN,CATEGORY_NAME_TH) VALUES (2,null,null,null,null,0,'-','Internal Organs','อวัยวะภายในร่างกาย');
-- INSERT INTO WORD_CATEGORY (ID,CREATED_BY,CREATED_DATE,UPDATED_BY,UPDATED_DATE,VERSION,CATEGORY_DESCRIPTION_TH,CATEGORY_NAME_EN,CATEGORY_NAME_TH) VALUES (3,null,null,null,null,0,'-','Family','ครอบครัว');
-- INSERT INTO WORD_CATEGORY (ID,CREATED_BY,CREATED_DATE,UPDATED_BY,UPDATED_DATE,VERSION,CATEGORY_DESCRIPTION_TH,CATEGORY_NAME_EN,CATEGORY_NAME_TH) VALUES (4,null,null,null,null,0,'-','Habitation','ที่พักอาศัย');
-- INSERT INTO WORD_CATEGORY (ID,CREATED_BY,CREATED_DATE,UPDATED_BY,UPDATED_DATE,VERSION,CATEGORY_DESCRIPTION_TH,CATEGORY_NAME_EN,CATEGORY_NAME_TH) VALUES (5,null,null,null,null,0,'-','House and Around the House','บ้านและบริเวณรอบๆ บ้าน');
-- INSERT INTO WORD_CATEGORY (ID,CREATED_BY,CREATED_DATE,UPDATED_BY,UPDATED_DATE,VERSION,CATEGORY_DESCRIPTION_TH,CATEGORY_NAME_EN,CATEGORY_NAME_TH) VALUES (6,null,null,null,null,0,'-','Backyard Garden','สวนหลังบ้าน');
-- INSERT INTO WORD_CATEGORY (ID,CREATED_BY,CREATED_DATE,UPDATED_BY,UPDATED_DATE,VERSION,CATEGORY_DESCRIPTION_TH,CATEGORY_NAME_EN,CATEGORY_NAME_TH) VALUES (7,null,null,null,null,0,'-','Living Room','ห้องรับแขก');
-- INSERT INTO WORD_CATEGORY (ID,CREATED_BY,CREATED_DATE,UPDATED_BY,UPDATED_DATE,VERSION,CATEGORY_DESCRIPTION_TH,CATEGORY_NAME_EN,CATEGORY_NAME_TH) VALUES (8,null,null,null,null,0,'-','Bathroom','ห้องน้ำ');
-- INSERT INTO WORD_CATEGORY (ID,CREATED_BY,CREATED_DATE,UPDATED_BY,UPDATED_DATE,VERSION,CATEGORY_DESCRIPTION_TH,CATEGORY_NAME_EN,CATEGORY_NAME_TH) VALUES (9,null,null,null,null,0,'-','Dressing Room','ห้องแต่งตัว');
-- INSERT INTO WORD_CATEGORY (ID,CREATED_BY,CREATED_DATE,UPDATED_BY,UPDATED_DATE,VERSION,CATEGORY_DESCRIPTION_TH,CATEGORY_NAME_EN,CATEGORY_NAME_TH) VALUES (10,null,null,null,null,0,'-','House Work','รานบ้าน');
--
-- INSERT INTO ENGLISH_TO_THAI (ID,CREATED_BY,CREATED_DATE,UPDATED_BY,UPDATED_DATE,VERSION,WORD,READING_TH,MEANING_TH,DESCRIPTION_TH,IMAGE_FILE,ACTIVE) VALUES (1,null,null,null,null,0,'head','เฮด','ศีรษะ','','','Y');
-- INSERT INTO ENGLISH_TO_THAI (ID,CREATED_BY,CREATED_DATE,UPDATED_BY,UPDATED_DATE,VERSION,WORD,READING_TH,MEANING_TH,DESCRIPTION_TH,IMAGE_FILE,ACTIVE) VALUES (2,null,null,null,null,0,'eye','อาย','ตา','','','Y');
-- INSERT INTO ENGLISH_TO_THAI (ID,CREATED_BY,CREATED_DATE,UPDATED_BY,UPDATED_DATE,VERSION,WORD,READING_TH,MEANING_TH,DESCRIPTION_TH,IMAGE_FILE,ACTIVE) VALUES (3,null,null,null,null,0,'ear','เอียร์','หู','','','Y');
-- INSERT INTO ENGLISH_TO_THAI (ID,CREATED_BY,CREATED_DATE,UPDATED_BY,UPDATED_DATE,VERSION,WORD,READING_TH,MEANING_TH,DESCRIPTION_TH,IMAGE_FILE,ACTIVE) VALUES (4,null,null,null,null,0,'mouth','เมาธฺ','ปาก','','','Y');
-- INSERT INTO ENGLISH_TO_THAI (ID,CREATED_BY,CREATED_DATE,UPDATED_BY,UPDATED_DATE,VERSION,WORD,READING_TH,MEANING_TH,DESCRIPTION_TH,IMAGE_FILE,ACTIVE) VALUES (5,null,null,null,null,0,'arm','อาร์ม','แขน','','','Y');
-- INSERT INTO ENGLISH_TO_THAI (ID,CREATED_BY,CREATED_DATE,UPDATED_BY,UPDATED_DATE,VERSION,WORD,READING_TH,MEANING_TH,DESCRIPTION_TH,IMAGE_FILE,ACTIVE) VALUES (6,null,null,null,null,0,'palm','พาล์ม','ฝ่ามือ','','','Y');
-- INSERT INTO ENGLISH_TO_THAI (ID,CREATED_BY,CREATED_DATE,UPDATED_BY,UPDATED_DATE,VERSION,WORD,READING_TH,MEANING_TH,DESCRIPTION_TH,IMAGE_FILE,ACTIVE) VALUES (7,null,null,null,null,0,'shoulder','โชลเดอะ','บ่า, ไหล่','','','Y');
-- INSERT INTO ENGLISH_TO_THAI (ID,CREATED_BY,CREATED_DATE,UPDATED_BY,UPDATED_DATE,VERSION,WORD,READING_TH,MEANING_TH,DESCRIPTION_TH,IMAGE_FILE,ACTIVE) VALUES (8,null,null,null,null,0,'chest','เชสทฺ','หน้าอก','','','Y');
-- INSERT INTO ENGLISH_TO_THAI (ID,CREATED_BY,CREATED_DATE,UPDATED_BY,UPDATED_DATE,VERSION,WORD,READING_TH,MEANING_TH,DESCRIPTION_TH,IMAGE_FILE,ACTIVE) VALUES (9,null,null,null,null,0,'elbow','เอล่โบ','ข้อศอก','','','Y');
-- INSERT INTO ENGLISH_TO_THAI (ID,CREATED_BY,CREATED_DATE,UPDATED_BY,UPDATED_DATE,VERSION,WORD,READING_TH,MEANING_TH,DESCRIPTION_TH,IMAGE_FILE,ACTIVE) VALUES (10,null,null,null,null,0,'abdomen','แอบโด่เมน','ส่วนท้อง','','','Y');
-- INSERT INTO ENGLISH_TO_THAI (ID,CREATED_BY,CREATED_DATE,UPDATED_BY,UPDATED_DATE,VERSION,WORD,READING_TH,MEANING_TH,DESCRIPTION_TH,IMAGE_FILE,ACTIVE) VALUES (11,null,null,null,null,0,'navel','เน่เวล','สะดือ','','','Y');
-- INSERT INTO ENGLISH_TO_THAI (ID,CREATED_BY,CREATED_DATE,UPDATED_BY,UPDATED_DATE,VERSION,WORD,READING_TH,MEANING_TH,DESCRIPTION_TH,IMAGE_FILE,ACTIVE) VALUES (12,null,null,null,null,0,'hand','แฮนดฺ','มือ','','','Y');
-- INSERT INTO ENGLISH_TO_THAI (ID,CREATED_BY,CREATED_DATE,UPDATED_BY,UPDATED_DATE,VERSION,WORD,READING_TH,MEANING_TH,DESCRIPTION_TH,IMAGE_FILE,ACTIVE) VALUES (13,null,null,null,null,0,'thigh','ไธ','ต้นขา','','','Y');
-- INSERT INTO ENGLISH_TO_THAI (ID,CREATED_BY,CREATED_DATE,UPDATED_BY,UPDATED_DATE,VERSION,WORD,READING_TH,MEANING_TH,DESCRIPTION_TH,IMAGE_FILE,ACTIVE) VALUES (14,null,null,null,null,0,'knee','นี','หัวเข่า','','','Y');
-- INSERT INTO ENGLISH_TO_THAI (ID,CREATED_BY,CREATED_DATE,UPDATED_BY,UPDATED_DATE,VERSION,WORD,READING_TH,MEANING_TH,DESCRIPTION_TH,IMAGE_FILE,ACTIVE) VALUES (15,null,null,null,null,0,'leg','เลก','ขา','','','Y');
-- INSERT INTO ENGLISH_TO_THAI (ID,CREATED_BY,CREATED_DATE,UPDATED_BY,UPDATED_DATE,VERSION,WORD,READING_TH,MEANING_TH,DESCRIPTION_TH,IMAGE_FILE,ACTIVE) VALUES (16,null,null,null,null,0,'toenail','โท่เนล','เล็บเท้า','','','Y');
-- INSERT INTO ENGLISH_TO_THAI (ID,CREATED_BY,CREATED_DATE,UPDATED_BY,UPDATED_DATE,VERSION,WORD,READING_TH,MEANING_TH,DESCRIPTION_TH,IMAGE_FILE,ACTIVE) VALUES (17,null,null,null,null,0,'foot','ฟุท','เท้า','','','Y');
-- INSERT INTO ENGLISH_TO_THAI (ID,CREATED_BY,CREATED_DATE,UPDATED_BY,UPDATED_DATE,VERSION,WORD,READING_TH,MEANING_TH,DESCRIPTION_TH,IMAGE_FILE,ACTIVE) VALUES (18,null,null,null,null,0,'toe','โท','นิ้วเท้า','','','Y');
-- INSERT INTO ENGLISH_TO_THAI (ID,CREATED_BY,CREATED_DATE,UPDATED_BY,UPDATED_DATE,VERSION,WORD,READING_TH,MEANING_TH,DESCRIPTION_TH,IMAGE_FILE,ACTIVE) VALUES (19,null,null,null,null,0,'forehead','ฟอร์เฮด','หน้าผาก','','','Y');
-- INSERT INTO ENGLISH_TO_THAI (ID,CREATED_BY,CREATED_DATE,UPDATED_BY,UPDATED_DATE,VERSION,WORD,READING_TH,MEANING_TH,DESCRIPTION_TH,IMAGE_FILE,ACTIVE) VALUES (20,null,null,null,null,0,'hair','แฮร์','ผม','','','Y');
-- INSERT INTO ENGLISH_TO_THAI (ID,CREATED_BY,CREATED_DATE,UPDATED_BY,UPDATED_DATE,VERSION,WORD,READING_TH,MEANING_TH,DESCRIPTION_TH,IMAGE_FILE,ACTIVE) VALUES (21,null,null,null,null,0,'eyelash','อายแลช','ขนตา','','','Y');
-- INSERT INTO ENGLISH_TO_THAI (ID,CREATED_BY,CREATED_DATE,UPDATED_BY,UPDATED_DATE,VERSION,WORD,READING_TH,MEANING_TH,DESCRIPTION_TH,IMAGE_FILE,ACTIVE) VALUES (22,null,null,null,null,0,'nose','โนซ','จมูก','','','Y');
-- INSERT INTO ENGLISH_TO_THAI (ID,CREATED_BY,CREATED_DATE,UPDATED_BY,UPDATED_DATE,VERSION,WORD,READING_TH,MEANING_TH,DESCRIPTION_TH,IMAGE_FILE,ACTIVE) VALUES (23,null,null,null,null,0,'eyebrow','อายเบรา','คื้ว','','','Y');
-- INSERT INTO ENGLISH_TO_THAI (ID,CREATED_BY,CREATED_DATE,UPDATED_BY,UPDATED_DATE,VERSION,WORD,READING_TH,MEANING_TH,DESCRIPTION_TH,IMAGE_FILE,ACTIVE) VALUES (24,null,null,null,null,0,'cheek','ชีค','แก้ม','','','Y');
-- INSERT INTO ENGLISH_TO_THAI (ID,CREATED_BY,CREATED_DATE,UPDATED_BY,UPDATED_DATE,VERSION,WORD,READING_TH,MEANING_TH,DESCRIPTION_TH,IMAGE_FILE,ACTIVE) VALUES (25,null,null,null,null,0,'eyelid','อายลิด','เปลืกตา','','','Y');
-- INSERT INTO ENGLISH_TO_THAI (ID,CREATED_BY,CREATED_DATE,UPDATED_BY,UPDATED_DATE,VERSION,WORD,READING_TH,MEANING_TH,DESCRIPTION_TH,IMAGE_FILE,ACTIVE) VALUES (26,null,null,null,null,0,'armpit','อาร์มพิท','รักแร้','','','Y');
-- INSERT INTO ENGLISH_TO_THAI (ID,CREATED_BY,CREATED_DATE,UPDATED_BY,UPDATED_DATE,VERSION,WORD,READING_TH,MEANING_TH,DESCRIPTION_TH,IMAGE_FILE,ACTIVE) VALUES (27,null,null,null,null,0,'armpit hair','อาร์มพิท แฮร์','ขนรักแร้','','','Y');
-- INSERT INTO ENGLISH_TO_THAI (ID,CREATED_BY,CREATED_DATE,UPDATED_BY,UPDATED_DATE,VERSION,WORD,READING_TH,MEANING_TH,DESCRIPTION_TH,IMAGE_FILE,ACTIVE) VALUES (28,null,null,null,null,0,'gum','กัม','เหงือก','','','Y');
-- INSERT INTO ENGLISH_TO_THAI (ID,CREATED_BY,CREATED_DATE,UPDATED_BY,UPDATED_DATE,VERSION,WORD,READING_TH,MEANING_TH,DESCRIPTION_TH,IMAGE_FILE,ACTIVE) VALUES (29,null,null,null,null,0,'tooth','ทูธ','ฟัน','','','Y');
-- INSERT INTO ENGLISH_TO_THAI (ID,CREATED_BY,CREATED_DATE,UPDATED_BY,UPDATED_DATE,VERSION,WORD,READING_TH,MEANING_TH,DESCRIPTION_TH,IMAGE_FILE,ACTIVE) VALUES (30,null,null,null,null,0,'lip','ลิพ','ริมฝีปาก','','','Y');
-- INSERT INTO ENGLISH_TO_THAI (ID,CREATED_BY,CREATED_DATE,UPDATED_BY,UPDATED_DATE,VERSION,WORD,READING_TH,MEANING_TH,DESCRIPTION_TH,IMAGE_FILE,ACTIVE) VALUES (31,null,null,null,null,0,'neck','เนค','คอ','','','Y');
-- INSERT INTO ENGLISH_TO_THAI (ID,CREATED_BY,CREATED_DATE,UPDATED_BY,UPDATED_DATE,VERSION,WORD,READING_TH,MEANING_TH,DESCRIPTION_TH,IMAGE_FILE,ACTIVE) VALUES (32,null,null,null,null,0,'chin','ชิน','คาง','','','Y');
-- INSERT INTO ENGLISH_TO_THAI (ID,CREATED_BY,CREATED_DATE,UPDATED_BY,UPDATED_DATE,VERSION,WORD,READING_TH,MEANING_TH,DESCRIPTION_TH,IMAGE_FILE,ACTIVE) VALUES (33,null,null,null,null,0,'Adams apple','อาดัมสฺ แอพเพิล','ลูกกระเดือก','','','Y');
-- INSERT INTO ENGLISH_TO_THAI (ID,CREATED_BY,CREATED_DATE,UPDATED_BY,UPDATED_DATE,VERSION,WORD,READING_TH,MEANING_TH,DESCRIPTION_TH,IMAGE_FILE,ACTIVE) VALUES (34,null,null,null,null,0,'teeth','ทีธ','ฟัน','','','Y');
-- INSERT INTO ENGLISH_TO_THAI (ID,CREATED_BY,CREATED_DATE,UPDATED_BY,UPDATED_DATE,VERSION,WORD,READING_TH,MEANING_TH,DESCRIPTION_TH,IMAGE_FILE,ACTIVE) VALUES (35,null,null,null,null,0,'index finger','อินเดกซ ฟิงเกอะ','นิ้วชี้','','','Y');
-- INSERT INTO ENGLISH_TO_THAI (ID,CREATED_BY,CREATED_DATE,UPDATED_BY,UPDATED_DATE,VERSION,WORD,READING_TH,MEANING_TH,DESCRIPTION_TH,IMAGE_FILE,ACTIVE) VALUES (36,null,null,null,null,0,'tongue','ทัง','ลิ้น','','','Y');
-- INSERT INTO ENGLISH_TO_THAI (ID,CREATED_BY,CREATED_DATE,UPDATED_BY,UPDATED_DATE,VERSION,WORD,READING_TH,MEANING_TH,DESCRIPTION_TH,IMAGE_FILE,ACTIVE) VALUES (37,null,null,null,null,0,'earlobe','เอียร์โลบ','ติ่งหู','','','Y');
-- INSERT INTO ENGLISH_TO_THAI (ID,CREATED_BY,CREATED_DATE,UPDATED_BY,UPDATED_DATE,VERSION,WORD,READING_TH,MEANING_TH,DESCRIPTION_TH,IMAGE_FILE,ACTIVE) VALUES (38,null,null,null,null,0,'thumb','ธัม','นิ้วหัวแม่มือ','','','Y');
-- INSERT INTO ENGLISH_TO_THAI (ID,CREATED_BY,CREATED_DATE,UPDATED_BY,UPDATED_DATE,VERSION,WORD,READING_TH,MEANING_TH,DESCRIPTION_TH,IMAGE_FILE,ACTIVE) VALUES (39,null,null,null,null,0,'little finger','ลิทเทิล ฟิงเกอะ','นิ้วก้อย','','','Y');
-- INSERT INTO ENGLISH_TO_THAI (ID,CREATED_BY,CREATED_DATE,UPDATED_BY,UPDATED_DATE,VERSION,WORD,READING_TH,MEANING_TH,DESCRIPTION_TH,IMAGE_FILE,ACTIVE) VALUES (40,null,null,null,null,0,'fingers','ฟิงเกอะ','นิ้วมือ','','','Y');
-- INSERT INTO ENGLISH_TO_THAI (ID,CREATED_BY,CREATED_DATE,UPDATED_BY,UPDATED_DATE,VERSION,WORD,READING_TH,MEANING_TH,DESCRIPTION_TH,IMAGE_FILE,ACTIVE) VALUES (41,null,null,null,null,0,'ring finger','ริง ฟิงเกอะ','นิ้วนาง','','','Y');
-- INSERT INTO ENGLISH_TO_THAI (ID,CREATED_BY,CREATED_DATE,UPDATED_BY,UPDATED_DATE,VERSION,WORD,READING_TH,MEANING_TH,DESCRIPTION_TH,IMAGE_FILE,ACTIVE) VALUES (42,null,null,null,null,0,'middle finger','มิดเดิล ฟิงเกอะ','นิ้วกลาง','','','Y');
-- INSERT INTO ENGLISH_TO_THAI (ID,CREATED_BY,CREATED_DATE,UPDATED_BY,UPDATED_DATE,VERSION,WORD,READING_TH,MEANING_TH,DESCRIPTION_TH,IMAGE_FILE,ACTIVE) VALUES (43,null,null,null,null,0,'bone','โบน','กระดูก','','','Y');
-- INSERT INTO ENGLISH_TO_THAI (ID,CREATED_BY,CREATED_DATE,UPDATED_BY,UPDATED_DATE,VERSION,WORD,READING_TH,MEANING_TH,DESCRIPTION_TH,IMAGE_FILE,ACTIVE) VALUES (44,null,null,null,null,0,'wrist','ริสทฺ','ข้อมือ','','','Y');
-- INSERT INTO ENGLISH_TO_THAI (ID,CREATED_BY,CREATED_DATE,UPDATED_BY,UPDATED_DATE,VERSION,WORD,READING_TH,MEANING_TH,DESCRIPTION_TH,IMAGE_FILE,ACTIVE) VALUES (45,null,null,null,null,0,'back','แบค','หลัง','','','Y');
-- INSERT INTO ENGLISH_TO_THAI (ID,CREATED_BY,CREATED_DATE,UPDATED_BY,UPDATED_DATE,VERSION,WORD,READING_TH,MEANING_TH,DESCRIPTION_TH,IMAGE_FILE,ACTIVE) VALUES (46,null,null,null,null,0,'hip','ฮิพ','สะโพก','','','Y');
-- INSERT INTO ENGLISH_TO_THAI (ID,CREATED_BY,CREATED_DATE,UPDATED_BY,UPDATED_DATE,VERSION,WORD,READING_TH,MEANING_TH,DESCRIPTION_TH,IMAGE_FILE,ACTIVE) VALUES (47,null,null,null,null,0,'bottom','บอท ทัม','ก้น','','','Y');
-- INSERT INTO ENGLISH_TO_THAI (ID,CREATED_BY,CREATED_DATE,UPDATED_BY,UPDATED_DATE,VERSION,WORD,READING_TH,MEANING_TH,DESCRIPTION_TH,IMAGE_FILE,ACTIVE) VALUES (48,null,null,null,null,0,'calf','คาล์ฟ','น่อง','','','Y');
-- INSERT INTO ENGLISH_TO_THAI (ID,CREATED_BY,CREATED_DATE,UPDATED_BY,UPDATED_DATE,VERSION,WORD,READING_TH,MEANING_TH,DESCRIPTION_TH,IMAGE_FILE,ACTIVE) VALUES (49,null,null,null,null,0,'ankle','แองเกิล','ข้อเท้า','','','Y');
-- INSERT INTO ENGLISH_TO_THAI (ID,CREATED_BY,CREATED_DATE,UPDATED_BY,UPDATED_DATE,VERSION,WORD,READING_TH,MEANING_TH,DESCRIPTION_TH,IMAGE_FILE,ACTIVE) VALUES (50,null,null,null,null,0,'foot sole','ฟุท โซล','ฝ่าเท้า','','','Y');
-- INSERT INTO ENGLISH_TO_THAI (ID,CREATED_BY,CREATED_DATE,UPDATED_BY,UPDATED_DATE,VERSION,WORD,READING_TH,MEANING_TH,DESCRIPTION_TH,IMAGE_FILE,ACTIVE) VALUES (51,null,null,null,null,0,'heel','ฮีล','ส้นเท้า','','','Y');
-- INSERT INTO ENGLISH_TO_THAI (ID,CREATED_BY,CREATED_DATE,UPDATED_BY,UPDATED_DATE,VERSION,WORD,READING_TH,MEANING_TH,DESCRIPTION_TH,IMAGE_FILE,ACTIVE) VALUES (52,null,null,null,null,0,'brain','เบรน','สมอง','','','Y');
-- INSERT INTO ENGLISH_TO_THAI (ID,CREATED_BY,CREATED_DATE,UPDATED_BY,UPDATED_DATE,VERSION,WORD,READING_TH,MEANING_TH,DESCRIPTION_TH,IMAGE_FILE,ACTIVE) VALUES (53,null,null,null,null,0,'larynx','ลาร์ริงซฺ','กล่องเสียง','','','Y');
-- INSERT INTO ENGLISH_TO_THAI (ID,CREATED_BY,CREATED_DATE,UPDATED_BY,UPDATED_DATE,VERSION,WORD,READING_TH,MEANING_TH,DESCRIPTION_TH,IMAGE_FILE,ACTIVE) VALUES (54,null,null,null,null,0,'collarbone','คอลละโบน','กระดูกไหปลาร้า','','','Y');
-- INSERT INTO ENGLISH_TO_THAI (ID,CREATED_BY,CREATED_DATE,UPDATED_BY,UPDATED_DATE,VERSION,WORD,READING_TH,MEANING_TH,DESCRIPTION_TH,IMAGE_FILE,ACTIVE) VALUES (55,null,null,null,null,0,'windpipe','วินดฺไพพฺ','หลอดลม','','','Y');
-- INSERT INTO ENGLISH_TO_THAI (ID,CREATED_BY,CREATED_DATE,UPDATED_BY,UPDATED_DATE,VERSION,WORD,READING_TH,MEANING_TH,DESCRIPTION_TH,IMAGE_FILE,ACTIVE) VALUES (56,null,null,null,null,0,'gullet','กัลเลท','หลอดอาหาร','','','Y');
-- INSERT INTO ENGLISH_TO_THAI (ID,CREATED_BY,CREATED_DATE,UPDATED_BY,UPDATED_DATE,VERSION,WORD,READING_TH,MEANING_TH,DESCRIPTION_TH,IMAGE_FILE,ACTIVE) VALUES (57,null,null,null,null,0,'thyroid gland','ไธรอยดฺ แกลนดฺ','ต่อมไธรอยด์','','','Y');
-- INSERT INTO ENGLISH_TO_THAI (ID,CREATED_BY,CREATED_DATE,UPDATED_BY,UPDATED_DATE,VERSION,WORD,READING_TH,MEANING_TH,DESCRIPTION_TH,IMAGE_FILE,ACTIVE) VALUES (58,null,null,null,null,0,'blood','บลัด','เลือด','','','Y');
-- INSERT INTO ENGLISH_TO_THAI (ID,CREATED_BY,CREATED_DATE,UPDATED_BY,UPDATED_DATE,VERSION,WORD,READING_TH,MEANING_TH,DESCRIPTION_TH,IMAGE_FILE,ACTIVE) VALUES (59,null,null,null,null,0,'artery','อาร์เทอะรี','เส้นเลือดแดง','','','Y');
-- INSERT INTO ENGLISH_TO_THAI (ID,CREATED_BY,CREATED_DATE,UPDATED_BY,UPDATED_DATE,VERSION,WORD,READING_TH,MEANING_TH,DESCRIPTION_TH,IMAGE_FILE,ACTIVE) VALUES (60,null,null,null,null,0,'vein','เวน','เส้นเลือดดำ','','','Y');
-- INSERT INTO ENGLISH_TO_THAI (ID,CREATED_BY,CREATED_DATE,UPDATED_BY,UPDATED_DATE,VERSION,WORD,READING_TH,MEANING_TH,DESCRIPTION_TH,IMAGE_FILE,ACTIVE) VALUES (61,null,null,null,null,0,'capillary','แคพพิเลอรี','เส้นเลือดฝอย','','','Y');
-- INSERT INTO ENGLISH_TO_THAI (ID,CREATED_BY,CREATED_DATE,UPDATED_BY,UPDATED_DATE,VERSION,WORD,READING_TH,MEANING_TH,DESCRIPTION_TH,IMAGE_FILE,ACTIVE) VALUES (62,null,null,null,null,0,'heart','ฮาร์ท','หัวใจ','','','Y');
-- INSERT INTO ENGLISH_TO_THAI (ID,CREATED_BY,CREATED_DATE,UPDATED_BY,UPDATED_DATE,VERSION,WORD,READING_TH,MEANING_TH,DESCRIPTION_TH,IMAGE_FILE,ACTIVE) VALUES (63,null,null,null,null,0,'liver','ลิฟเวอะ','ตับ','','','Y');
-- INSERT INTO ENGLISH_TO_THAI (ID,CREATED_BY,CREATED_DATE,UPDATED_BY,UPDATED_DATE,VERSION,WORD,READING_TH,MEANING_TH,DESCRIPTION_TH,IMAGE_FILE,ACTIVE) VALUES (64,null,null,null,null,0,'pancreas','แพนเครียส','ตับอ่อน','','','Y');
-- INSERT INTO ENGLISH_TO_THAI (ID,CREATED_BY,CREATED_DATE,UPDATED_BY,UPDATED_DATE,VERSION,WORD,READING_TH,MEANING_TH,DESCRIPTION_TH,IMAGE_FILE,ACTIVE) VALUES (65,null,null,null,null,0,'lung','ลัง','ปอด','','','Y');
-- INSERT INTO ENGLISH_TO_THAI (ID,CREATED_BY,CREATED_DATE,UPDATED_BY,UPDATED_DATE,VERSION,WORD,READING_TH,MEANING_TH,DESCRIPTION_TH,IMAGE_FILE,ACTIVE) VALUES (66,null,null,null,null,0,'spleen','สพลีน','ม้าม','','','Y');
-- INSERT INTO ENGLISH_TO_THAI (ID,CREATED_BY,CREATED_DATE,UPDATED_BY,UPDATED_DATE,VERSION,WORD,READING_TH,MEANING_TH,DESCRIPTION_TH,IMAGE_FILE,ACTIVE) VALUES (67,null,null,null,null,0,'kidney','คิดนี','ไต','','','Y');
-- INSERT INTO ENGLISH_TO_THAI (ID,CREATED_BY,CREATED_DATE,UPDATED_BY,UPDATED_DATE,VERSION,WORD,READING_TH,MEANING_TH,DESCRIPTION_TH,IMAGE_FILE,ACTIVE) VALUES (68,null,null,null,null,0,'stomach','สทัมมัค','กระเพาะอาหาร','','','Y');
-- INSERT INTO ENGLISH_TO_THAI (ID,CREATED_BY,CREATED_DATE,UPDATED_BY,UPDATED_DATE,VERSION,WORD,READING_TH,MEANING_TH,DESCRIPTION_TH,IMAGE_FILE,ACTIVE) VALUES (69,null,null,null,null,0,'small intestine','สมอล อินเทสทิน','ลำไส้เล็ก','','','Y');
-- INSERT INTO ENGLISH_TO_THAI (ID,CREATED_BY,CREATED_DATE,UPDATED_BY,UPDATED_DATE,VERSION,WORD,READING_TH,MEANING_TH,DESCRIPTION_TH,IMAGE_FILE,ACTIVE) VALUES (70,null,null,null,null,0,'duodenum','ดูโอดินัม','ลำไส้เล็กส่วนบน','','','Y');
-- INSERT INTO ENGLISH_TO_THAI (ID,CREATED_BY,CREATED_DATE,UPDATED_BY,UPDATED_DATE,VERSION,WORD,READING_TH,MEANING_TH,DESCRIPTION_TH,IMAGE_FILE,ACTIVE) VALUES (71,null,null,null,null,0,'large intestine','ลาร์จฺ อินเทสทิน','ลำไส้ใหญ่','','','Y');
-- INSERT INTO ENGLISH_TO_THAI (ID,CREATED_BY,CREATED_DATE,UPDATED_BY,UPDATED_DATE,VERSION,WORD,READING_TH,MEANING_TH,DESCRIPTION_TH,IMAGE_FILE,ACTIVE) VALUES (72,null,null,null,null,0,'cecum','ซีคัม','ลำไส้ใหญ่ตอนต้น','','','Y');
-- INSERT INTO ENGLISH_TO_THAI (ID,CREATED_BY,CREATED_DATE,UPDATED_BY,UPDATED_DATE,VERSION,WORD,READING_TH,MEANING_TH,DESCRIPTION_TH,IMAGE_FILE,ACTIVE) VALUES (73,null,null,null,null,0,'gall bladder','แกล แบลดเดอะ','ถุงน้ำดี','','','Y');
-- INSERT INTO ENGLISH_TO_THAI (ID,CREATED_BY,CREATED_DATE,UPDATED_BY,UPDATED_DATE,VERSION,WORD,READING_TH,MEANING_TH,DESCRIPTION_TH,IMAGE_FILE,ACTIVE) VALUES (74,null,null,null,null,0,'spinal cord','สไพนัล คอร์ดฺ','ไขสันหลัง','','','Y');
-- INSERT INTO ENGLISH_TO_THAI (ID,CREATED_BY,CREATED_DATE,UPDATED_BY,UPDATED_DATE,VERSION,WORD,READING_TH,MEANING_TH,DESCRIPTION_TH,IMAGE_FILE,ACTIVE) VALUES (75,null,null,null,null,0,'tendon','เทนดัน','เส้นเอ็น','','','Y');
-- INSERT INTO ENGLISH_TO_THAI (ID,CREATED_BY,CREATED_DATE,UPDATED_BY,UPDATED_DATE,VERSION,WORD,READING_TH,MEANING_TH,DESCRIPTION_TH,IMAGE_FILE,ACTIVE) VALUES (76,null,null,null,null,0,'skull','สคัล','กระโหลกศีรษะ','','','Y');
-- INSERT INTO ENGLISH_TO_THAI (ID,CREATED_BY,CREATED_DATE,UPDATED_BY,UPDATED_DATE,VERSION,WORD,READING_TH,MEANING_TH,DESCRIPTION_TH,IMAGE_FILE,ACTIVE) VALUES (77,null,null,null,null,0,'cerebrum','เซอริบรัม','สมองใหญ่','','','Y');
-- INSERT INTO ENGLISH_TO_THAI (ID,CREATED_BY,CREATED_DATE,UPDATED_BY,UPDATED_DATE,VERSION,WORD,READING_TH,MEANING_TH,DESCRIPTION_TH,IMAGE_FILE,ACTIVE) VALUES (78,null,null,null,null,0,'adrenal gland','อะดรีแนล แกลนดฺ','ต่อมหมวกไต','','','Y');
-- INSERT INTO ENGLISH_TO_THAI (ID,CREATED_BY,CREATED_DATE,UPDATED_BY,UPDATED_DATE,VERSION,WORD,READING_TH,MEANING_TH,DESCRIPTION_TH,IMAGE_FILE,ACTIVE) VALUES (79,null,null,null,null,0,'pituitary','พิทูอะเทอรี แกลนดฺ','ต่อมใต้สอง','','','Y');
-- INSERT INTO ENGLISH_TO_THAI (ID,CREATED_BY,CREATED_DATE,UPDATED_BY,UPDATED_DATE,VERSION,WORD,READING_TH,MEANING_TH,DESCRIPTION_TH,IMAGE_FILE,ACTIVE) VALUES (80,null,null,null,null,0,'rib','ริบ','ซี่โครง','','','Y');
-- INSERT INTO ENGLISH_TO_THAI (ID,CREATED_BY,CREATED_DATE,UPDATED_BY,UPDATED_DATE,VERSION,WORD,READING_TH,MEANING_TH,DESCRIPTION_TH,IMAGE_FILE,ACTIVE) VALUES (81,null,null,null,null,0,'pelvis','เพลวิส','กระดูกเชิงกราน','','','Y');
-- INSERT INTO ENGLISH_TO_THAI (ID,CREATED_BY,CREATED_DATE,UPDATED_BY,UPDATED_DATE,VERSION,WORD,READING_TH,MEANING_TH,DESCRIPTION_TH,IMAGE_FILE,ACTIVE) VALUES (82,null,null,null,null,0,'nerve','เนิร์ฟวฺ','เส้นประสาท','','','Y');
-- INSERT INTO ENGLISH_TO_THAI (ID,CREATED_BY,CREATED_DATE,UPDATED_BY,UPDATED_DATE,VERSION,WORD,READING_TH,MEANING_TH,DESCRIPTION_TH,IMAGE_FILE,ACTIVE) VALUES (83,null,null,null,null,0,'muscle','มัสเซิล','กล้ามเนื้อ','','','Y');
-- INSERT INTO ENGLISH_TO_THAI (ID,CREATED_BY,CREATED_DATE,UPDATED_BY,UPDATED_DATE,VERSION,WORD,READING_TH,MEANING_TH,DESCRIPTION_TH,IMAGE_FILE,ACTIVE) VALUES (84,null,null,null,null,0,'nervous system','เนิร์ฟเวิส ซิสเทิม','ระบบประสาท','','','Y');
-- INSERT INTO ENGLISH_TO_THAI (ID,CREATED_BY,CREATED_DATE,UPDATED_BY,UPDATED_DATE,VERSION,WORD,READING_TH,MEANING_TH,DESCRIPTION_TH,IMAGE_FILE,ACTIVE) VALUES (85,null,null,null,null,0,'skeleton','สเคลลิทัน','โครงกระดูก','','','Y');
-- INSERT INTO ENGLISH_TO_THAI (ID,CREATED_BY,CREATED_DATE,UPDATED_BY,UPDATED_DATE,VERSION,WORD,READING_TH,MEANING_TH,DESCRIPTION_TH,IMAGE_FILE,ACTIVE) VALUES (86,null,null,null,null,0,'diaphragm','ไดอะเฟรม','กะบังลม','','','Y');
-- INSERT INTO ENGLISH_TO_THAI (ID,CREATED_BY,CREATED_DATE,UPDATED_BY,UPDATED_DATE,VERSION,WORD,READING_TH,MEANING_TH,DESCRIPTION_TH,IMAGE_FILE,ACTIVE) VALUES (87,null,null,null,null,0,'appendix','แอพเพนดิคชฺ','ไส้ติ่ง','','','Y');
-- INSERT INTO ENGLISH_TO_THAI (ID,CREATED_BY,CREATED_DATE,UPDATED_BY,UPDATED_DATE,VERSION,WORD,READING_TH,MEANING_TH,DESCRIPTION_TH,IMAGE_FILE,ACTIVE) VALUES (88,null,null,null,null,0,'bladder','แบลดเดอะ','กระเพาะปัสสาวะ','','','Y');
-- INSERT INTO ENGLISH_TO_THAI (ID,CREATED_BY,CREATED_DATE,UPDATED_BY,UPDATED_DATE,VERSION,WORD,READING_TH,MEANING_TH,DESCRIPTION_TH,IMAGE_FILE,ACTIVE) VALUES (89,null,null,null,null,0,'sexual organ','เซคซฺชวล ออเกิน','อวัยวะเพศ','','','Y');
-- INSERT INTO ENGLISH_TO_THAI (ID,CREATED_BY,CREATED_DATE,UPDATED_BY,UPDATED_DATE,VERSION,WORD,READING_TH,MEANING_TH,DESCRIPTION_TH,IMAGE_FILE,ACTIVE) VALUES (90,null,null,null,null,0,'anus','เอนัส','ทวารหนัก','','','Y');
-- INSERT INTO ENGLISH_TO_THAI (ID,CREATED_BY,CREATED_DATE,UPDATED_BY,UPDATED_DATE,VERSION,WORD,READING_TH,MEANING_TH,DESCRIPTION_TH,IMAGE_FILE,ACTIVE) VALUES (91,null,null,null,null,0,'uterus','ยูเทอเริส','มดลูก','','','Y');
-- INSERT INTO ENGLISH_TO_THAI (ID,CREATED_BY,CREATED_DATE,UPDATED_BY,UPDATED_DATE,VERSION,WORD,READING_TH,MEANING_TH,DESCRIPTION_TH,IMAGE_FILE,ACTIVE) VALUES (92,null,null,null,null,0,'ovary','โอวะริ','รังไข่','','','Y');
-- INSERT INTO ENGLISH_TO_THAI (ID,CREATED_BY,CREATED_DATE,UPDATED_BY,UPDATED_DATE,VERSION,WORD,READING_TH,MEANING_TH,DESCRIPTION_TH,IMAGE_FILE,ACTIVE) VALUES (93,null,null,null,null,0,'vagina','วะไจนะ','ช่องคลอด','','','Y');
-- INSERT INTO ENGLISH_TO_THAI (ID,CREATED_BY,CREATED_DATE,UPDATED_BY,UPDATED_DATE,VERSION,WORD,READING_TH,MEANING_TH,DESCRIPTION_TH,IMAGE_FILE,ACTIVE) VALUES (94,null,null,null,null,0,'vulva','วัลวะ','ปากช่องคลอด','','','Y');
-- INSERT INTO ENGLISH_TO_THAI (ID,CREATED_BY,CREATED_DATE,UPDATED_BY,UPDATED_DATE,VERSION,WORD,READING_TH,MEANING_TH,DESCRIPTION_TH,IMAGE_FILE,ACTIVE) VALUES (95,null,null,null,null,0,'penis','พีนิส','องคชาต','','','Y');
-- INSERT INTO ENGLISH_TO_THAI (ID,CREATED_BY,CREATED_DATE,UPDATED_BY,UPDATED_DATE,VERSION,WORD,READING_TH,MEANING_TH,DESCRIPTION_TH,IMAGE_FILE,ACTIVE) VALUES (96,null,null,null,null,0,'scrotum','สโครทัม','ถุงอัณฑะ','','','Y');
-- INSERT INTO ENGLISH_TO_THAI (ID,CREATED_BY,CREATED_DATE,UPDATED_BY,UPDATED_DATE,VERSION,WORD,READING_TH,MEANING_TH,DESCRIPTION_TH,IMAGE_FILE,ACTIVE) VALUES (97,null,null,null,null,0,'prostate','พรอส เทท','ต่อมลูกหมาก','','','Y');
-- INSERT INTO ENGLISH_TO_THAI (ID,CREATED_BY,CREATED_DATE,UPDATED_BY,UPDATED_DATE,VERSION,WORD,READING_TH,MEANING_TH,DESCRIPTION_TH,IMAGE_FILE,ACTIVE) VALUES (98,null,null,null,null,0,'house','เฮาซฺ','บ้าน','','','Y');
-- INSERT INTO ENGLISH_TO_THAI (ID,CREATED_BY,CREATED_DATE,UPDATED_BY,UPDATED_DATE,VERSION,WORD,READING_TH,MEANING_TH,DESCRIPTION_TH,IMAGE_FILE,ACTIVE) VALUES (99,null,null,null,null,0,'bungalow','บังกะโล','บังกะโล','','','Y');
-- INSERT INTO ENGLISH_TO_THAI (ID,CREATED_BY,CREATED_DATE,UPDATED_BY,UPDATED_DATE,VERSION,WORD,READING_TH,MEANING_TH,DESCRIPTION_TH,IMAGE_FILE,ACTIVE) VALUES (100,null,null,null,null,0,'tent','เทนทฺ','เต้นท์','','','Y');
-- INSERT INTO ENGLISH_TO_THAI (ID,CREATED_BY,CREATED_DATE,UPDATED_BY,UPDATED_DATE,VERSION,WORD,READING_TH,MEANING_TH,DESCRIPTION_TH,IMAGE_FILE,ACTIVE) VALUES (101,null,null,null,null,0,'mansion','แมนชัน','คฤหาสน์, บ้านหลังใหญ่มาก','','','Y');
-- INSERT INTO ENGLISH_TO_THAI (ID,CREATED_BY,CREATED_DATE,UPDATED_BY,UPDATED_DATE,VERSION,WORD,READING_TH,MEANING_TH,DESCRIPTION_TH,IMAGE_FILE,ACTIVE) VALUES (102,null,null,null,null,0,'brick house','บริคเฮาซฺ','บ้านที่ก่อด้วยอิฐ','','','Y');
-- INSERT INTO ENGLISH_TO_THAI (ID,CREATED_BY,CREATED_DATE,UPDATED_BY,UPDATED_DATE,VERSION,WORD,READING_TH,MEANING_TH,DESCRIPTION_TH,IMAGE_FILE,ACTIVE) VALUES (103,null,null,null,null,0,'castle','คาสเซิล','ปราสาท','','','Y');
-- INSERT INTO ENGLISH_TO_THAI (ID,CREATED_BY,CREATED_DATE,UPDATED_BY,UPDATED_DATE,VERSION,WORD,READING_TH,MEANING_TH,DESCRIPTION_TH,IMAGE_FILE,ACTIVE) VALUES (104,null,null,null,null,0,'lodge','ลอดจฺ','บ้านพักในป่า, กระท่อม','','','Y');
-- INSERT INTO ENGLISH_TO_THAI (ID,CREATED_BY,CREATED_DATE,UPDATED_BY,UPDATED_DATE,VERSION,WORD,READING_TH,MEANING_TH,DESCRIPTION_TH,IMAGE_FILE,ACTIVE) VALUES (105,null,null,null,null,0,'town house','ทาวน์เฮาส์','บ้านในเมือง','','','Y');
-- INSERT INTO ENGLISH_TO_THAI (ID,CREATED_BY,CREATED_DATE,UPDATED_BY,UPDATED_DATE,VERSION,WORD,READING_TH,MEANING_TH,DESCRIPTION_TH,IMAGE_FILE,ACTIVE) VALUES (106,null,null,null,null,0,'apartment','อะพาร์ทเมนทฺ','อาคารที่มีห้องชุดให้เช่า','','','Y');
-- INSERT INTO ENGLISH_TO_THAI (ID,CREATED_BY,CREATED_DATE,UPDATED_BY,UPDATED_DATE,VERSION,WORD,READING_TH,MEANING_TH,DESCRIPTION_TH,IMAGE_FILE,ACTIVE) VALUES (107,null,null,null,null,0,'condominium','คอนโดมิเนียม','ห้องชุดที่อยู่ในอาคาร','','','Y');
-- INSERT INTO ENGLISH_TO_THAI (ID,CREATED_BY,CREATED_DATE,UPDATED_BY,UPDATED_DATE,VERSION,WORD,READING_TH,MEANING_TH,DESCRIPTION_TH,IMAGE_FILE,ACTIVE) VALUES (108,null,null,null,null,0,'wooden house','วูดเดน เฮาซฺ','บ้านไม้','','','Y');
-- INSERT INTO ENGLISH_TO_THAI (ID,CREATED_BY,CREATED_DATE,UPDATED_BY,UPDATED_DATE,VERSION,WORD,READING_TH,MEANING_TH,DESCRIPTION_TH,IMAGE_FILE,ACTIVE) VALUES (109,null,null,null,null,0,'cottage','คอททิจ','บ้านพักตากอากาศ','','','Y');
-- INSERT INTO ENGLISH_TO_THAI (ID,CREATED_BY,CREATED_DATE,UPDATED_BY,UPDATED_DATE,VERSION,WORD,READING_TH,MEANING_TH,DESCRIPTION_TH,IMAGE_FILE,ACTIVE) VALUES (110,null,null,null,null,0,'houseboat','เฮาซฺโบท','บ้านแพ','','','Y');
-- INSERT INTO ENGLISH_TO_THAI (ID,CREATED_BY,CREATED_DATE,UPDATED_BY,UPDATED_DATE,VERSION,WORD,READING_TH,MEANING_TH,DESCRIPTION_TH,IMAGE_FILE,ACTIVE) VALUES (111,null,null,null,null,0,'guesthouse','เกสทฺ เฮาซฺ','บ้านรับรองแขก','','','Y');
-- INSERT INTO ENGLISH_TO_THAI (ID,CREATED_BY,CREATED_DATE,UPDATED_BY,UPDATED_DATE,VERSION,WORD,READING_TH,MEANING_TH,DESCRIPTION_TH,IMAGE_FILE,ACTIVE) VALUES (112,null,null,null,null,0,'rest home','เรสทฺ โฮม','บ้านพักคนชรา','','','Y');
-- INSERT INTO ENGLISH_TO_THAI (ID,CREATED_BY,CREATED_DATE,UPDATED_BY,UPDATED_DATE,VERSION,WORD,READING_TH,MEANING_TH,DESCRIPTION_TH,IMAGE_FILE,ACTIVE) VALUES (113,null,null,null,null,0,'penthouse','เพนทฺเฮาซฺ','บ้านเล็กบนหลังคาตึก','','','Y');
-- INSERT INTO ENGLISH_TO_THAI (ID,CREATED_BY,CREATED_DATE,UPDATED_BY,UPDATED_DATE,VERSION,WORD,READING_TH,MEANING_TH,DESCRIPTION_TH,IMAGE_FILE,ACTIVE) VALUES (114,null,null,null,null,0,'hut','ฮัท','กระท่อม','','','Y');
-- INSERT INTO ENGLISH_TO_THAI (ID,CREATED_BY,CREATED_DATE,UPDATED_BY,UPDATED_DATE,VERSION,WORD,READING_TH,MEANING_TH,DESCRIPTION_TH,IMAGE_FILE,ACTIVE) VALUES (115,null,null,null,null,0,'igloo','อิกลู','กระท่อมน้ำแข็ง','','','Y');
-- INSERT INTO ENGLISH_TO_THAI (ID,CREATED_BY,CREATED_DATE,UPDATED_BY,UPDATED_DATE,VERSION,WORD,READING_TH,MEANING_TH,DESCRIPTION_TH,IMAGE_FILE,ACTIVE) VALUES (116,null,null,null,null,0,'farmhouse','ฟาร์มเฮาซฺ','บ้านไร่','','','Y');
-- INSERT INTO ENGLISH_TO_THAI (ID,CREATED_BY,CREATED_DATE,UPDATED_BY,UPDATED_DATE,VERSION,WORD,READING_TH,MEANING_TH,DESCRIPTION_TH,IMAGE_FILE,ACTIVE) VALUES (117,null,null,null,null,0,'mobile home','โมไบลโฮม','บ้านเคลื่อนที่','','','Y');
--
-- INSERT INTO ENGLISH_TO_THAI_MAP_WORD_CATEGORY (ID,CREATED_BY,CREATED_DATE,UPDATED_BY,UPDATED_DATE,VERSION,ENGLISH_TO_THAI,WORD_CATEGORY) VALUES (1,null,null,null,null,0,1,1);
-- INSERT INTO ENGLISH_TO_THAI_MAP_WORD_CATEGORY (ID,CREATED_BY,CREATED_DATE,UPDATED_BY,UPDATED_DATE,VERSION,ENGLISH_TO_THAI,WORD_CATEGORY) VALUES (2,null,null,null,null,0,2,1);
-- INSERT INTO ENGLISH_TO_THAI_MAP_WORD_CATEGORY (ID,CREATED_BY,CREATED_DATE,UPDATED_BY,UPDATED_DATE,VERSION,ENGLISH_TO_THAI,WORD_CATEGORY) VALUES (3,null,null,null,null,0,3,1);
-- INSERT INTO ENGLISH_TO_THAI_MAP_WORD_CATEGORY (ID,CREATED_BY,CREATED_DATE,UPDATED_BY,UPDATED_DATE,VERSION,ENGLISH_TO_THAI,WORD_CATEGORY) VALUES (4,null,null,null,null,0,4,1);
-- INSERT INTO ENGLISH_TO_THAI_MAP_WORD_CATEGORY (ID,CREATED_BY,CREATED_DATE,UPDATED_BY,UPDATED_DATE,VERSION,ENGLISH_TO_THAI,WORD_CATEGORY) VALUES (5,null,null,null,null,0,5,1);
-- INSERT INTO ENGLISH_TO_THAI_MAP_WORD_CATEGORY (ID,CREATED_BY,CREATED_DATE,UPDATED_BY,UPDATED_DATE,VERSION,ENGLISH_TO_THAI,WORD_CATEGORY) VALUES (6,null,null,null,null,0,6,1);
-- INSERT INTO ENGLISH_TO_THAI_MAP_WORD_CATEGORY (ID,CREATED_BY,CREATED_DATE,UPDATED_BY,UPDATED_DATE,VERSION,ENGLISH_TO_THAI,WORD_CATEGORY) VALUES (7,null,null,null,null,0,7,1);
-- INSERT INTO ENGLISH_TO_THAI_MAP_WORD_CATEGORY (ID,CREATED_BY,CREATED_DATE,UPDATED_BY,UPDATED_DATE,VERSION,ENGLISH_TO_THAI,WORD_CATEGORY) VALUES (8,null,null,null,null,0,8,1);
-- INSERT INTO ENGLISH_TO_THAI_MAP_WORD_CATEGORY (ID,CREATED_BY,CREATED_DATE,UPDATED_BY,UPDATED_DATE,VERSION,ENGLISH_TO_THAI,WORD_CATEGORY) VALUES (9,null,null,null,null,0,9,1);
-- INSERT INTO ENGLISH_TO_THAI_MAP_WORD_CATEGORY (ID,CREATED_BY,CREATED_DATE,UPDATED_BY,UPDATED_DATE,VERSION,ENGLISH_TO_THAI,WORD_CATEGORY) VALUES (10,null,null,null,null,0,10,1);
-- INSERT INTO ENGLISH_TO_THAI_MAP_WORD_CATEGORY (ID,CREATED_BY,CREATED_DATE,UPDATED_BY,UPDATED_DATE,VERSION,ENGLISH_TO_THAI,WORD_CATEGORY) VALUES (11,null,null,null,null,0,11,1);
-- INSERT INTO ENGLISH_TO_THAI_MAP_WORD_CATEGORY (ID,CREATED_BY,CREATED_DATE,UPDATED_BY,UPDATED_DATE,VERSION,ENGLISH_TO_THAI,WORD_CATEGORY) VALUES (12,null,null,null,null,0,12,1);
-- INSERT INTO ENGLISH_TO_THAI_MAP_WORD_CATEGORY (ID,CREATED_BY,CREATED_DATE,UPDATED_BY,UPDATED_DATE,VERSION,ENGLISH_TO_THAI,WORD_CATEGORY) VALUES (13,null,null,null,null,0,13,1);
-- INSERT INTO ENGLISH_TO_THAI_MAP_WORD_CATEGORY (ID,CREATED_BY,CREATED_DATE,UPDATED_BY,UPDATED_DATE,VERSION,ENGLISH_TO_THAI,WORD_CATEGORY) VALUES (14,null,null,null,null,0,14,1);
-- INSERT INTO ENGLISH_TO_THAI_MAP_WORD_CATEGORY (ID,CREATED_BY,CREATED_DATE,UPDATED_BY,UPDATED_DATE,VERSION,ENGLISH_TO_THAI,WORD_CATEGORY) VALUES (15,null,null,null,null,0,15,1);
-- INSERT INTO ENGLISH_TO_THAI_MAP_WORD_CATEGORY (ID,CREATED_BY,CREATED_DATE,UPDATED_BY,UPDATED_DATE,VERSION,ENGLISH_TO_THAI,WORD_CATEGORY) VALUES (16,null,null,null,null,0,16,1);
-- INSERT INTO ENGLISH_TO_THAI_MAP_WORD_CATEGORY (ID,CREATED_BY,CREATED_DATE,UPDATED_BY,UPDATED_DATE,VERSION,ENGLISH_TO_THAI,WORD_CATEGORY) VALUES (17,null,null,null,null,0,17,1);
-- INSERT INTO ENGLISH_TO_THAI_MAP_WORD_CATEGORY (ID,CREATED_BY,CREATED_DATE,UPDATED_BY,UPDATED_DATE,VERSION,ENGLISH_TO_THAI,WORD_CATEGORY) VALUES (18,null,null,null,null,0,18,1);
-- INSERT INTO ENGLISH_TO_THAI_MAP_WORD_CATEGORY (ID,CREATED_BY,CREATED_DATE,UPDATED_BY,UPDATED_DATE,VERSION,ENGLISH_TO_THAI,WORD_CATEGORY) VALUES (19,null,null,null,null,0,19,1);
-- INSERT INTO ENGLISH_TO_THAI_MAP_WORD_CATEGORY (ID,CREATED_BY,CREATED_DATE,UPDATED_BY,UPDATED_DATE,VERSION,ENGLISH_TO_THAI,WORD_CATEGORY) VALUES (20,null,null,null,null,0,20,1);
-- INSERT INTO ENGLISH_TO_THAI_MAP_WORD_CATEGORY (ID,CREATED_BY,CREATED_DATE,UPDATED_BY,UPDATED_DATE,VERSION,ENGLISH_TO_THAI,WORD_CATEGORY) VALUES (21,null,null,null,null,0,21,1);
-- INSERT INTO ENGLISH_TO_THAI_MAP_WORD_CATEGORY (ID,CREATED_BY,CREATED_DATE,UPDATED_BY,UPDATED_DATE,VERSION,ENGLISH_TO_THAI,WORD_CATEGORY) VALUES (22,null,null,null,null,0,22,1);
-- INSERT INTO ENGLISH_TO_THAI_MAP_WORD_CATEGORY (ID,CREATED_BY,CREATED_DATE,UPDATED_BY,UPDATED_DATE,VERSION,ENGLISH_TO_THAI,WORD_CATEGORY) VALUES (23,null,null,null,null,0,23,1);
-- INSERT INTO ENGLISH_TO_THAI_MAP_WORD_CATEGORY (ID,CREATED_BY,CREATED_DATE,UPDATED_BY,UPDATED_DATE,VERSION,ENGLISH_TO_THAI,WORD_CATEGORY) VALUES (24,null,null,null,null,0,24,1);
-- INSERT INTO ENGLISH_TO_THAI_MAP_WORD_CATEGORY (ID,CREATED_BY,CREATED_DATE,UPDATED_BY,UPDATED_DATE,VERSION,ENGLISH_TO_THAI,WORD_CATEGORY) VALUES (25,null,null,null,null,0,25,1);
-- INSERT INTO ENGLISH_TO_THAI_MAP_WORD_CATEGORY (ID,CREATED_BY,CREATED_DATE,UPDATED_BY,UPDATED_DATE,VERSION,ENGLISH_TO_THAI,WORD_CATEGORY) VALUES (26,null,null,null,null,0,26,1);
-- INSERT INTO ENGLISH_TO_THAI_MAP_WORD_CATEGORY (ID,CREATED_BY,CREATED_DATE,UPDATED_BY,UPDATED_DATE,VERSION,ENGLISH_TO_THAI,WORD_CATEGORY) VALUES (27,null,null,null,null,0,27,1);
-- INSERT INTO ENGLISH_TO_THAI_MAP_WORD_CATEGORY (ID,CREATED_BY,CREATED_DATE,UPDATED_BY,UPDATED_DATE,VERSION,ENGLISH_TO_THAI,WORD_CATEGORY) VALUES (28,null,null,null,null,0,28,1);
-- INSERT INTO ENGLISH_TO_THAI_MAP_WORD_CATEGORY (ID,CREATED_BY,CREATED_DATE,UPDATED_BY,UPDATED_DATE,VERSION,ENGLISH_TO_THAI,WORD_CATEGORY) VALUES (29,null,null,null,null,0,29,1);
-- INSERT INTO ENGLISH_TO_THAI_MAP_WORD_CATEGORY (ID,CREATED_BY,CREATED_DATE,UPDATED_BY,UPDATED_DATE,VERSION,ENGLISH_TO_THAI,WORD_CATEGORY) VALUES (30,null,null,null,null,0,30,1);
-- INSERT INTO ENGLISH_TO_THAI_MAP_WORD_CATEGORY (ID,CREATED_BY,CREATED_DATE,UPDATED_BY,UPDATED_DATE,VERSION,ENGLISH_TO_THAI,WORD_CATEGORY) VALUES (31,null,null,null,null,0,31,1);
-- INSERT INTO ENGLISH_TO_THAI_MAP_WORD_CATEGORY (ID,CREATED_BY,CREATED_DATE,UPDATED_BY,UPDATED_DATE,VERSION,ENGLISH_TO_THAI,WORD_CATEGORY) VALUES (32,null,null,null,null,0,32,1);
-- INSERT INTO ENGLISH_TO_THAI_MAP_WORD_CATEGORY (ID,CREATED_BY,CREATED_DATE,UPDATED_BY,UPDATED_DATE,VERSION,ENGLISH_TO_THAI,WORD_CATEGORY) VALUES (33,null,null,null,null,0,33,1);
-- INSERT INTO ENGLISH_TO_THAI_MAP_WORD_CATEGORY (ID,CREATED_BY,CREATED_DATE,UPDATED_BY,UPDATED_DATE,VERSION,ENGLISH_TO_THAI,WORD_CATEGORY) VALUES (34,null,null,null,null,0,34,1);
-- INSERT INTO ENGLISH_TO_THAI_MAP_WORD_CATEGORY (ID,CREATED_BY,CREATED_DATE,UPDATED_BY,UPDATED_DATE,VERSION,ENGLISH_TO_THAI,WORD_CATEGORY) VALUES (35,null,null,null,null,0,35,1);
-- INSERT INTO ENGLISH_TO_THAI_MAP_WORD_CATEGORY (ID,CREATED_BY,CREATED_DATE,UPDATED_BY,UPDATED_DATE,VERSION,ENGLISH_TO_THAI,WORD_CATEGORY) VALUES (36,null,null,null,null,0,36,1);
-- INSERT INTO ENGLISH_TO_THAI_MAP_WORD_CATEGORY (ID,CREATED_BY,CREATED_DATE,UPDATED_BY,UPDATED_DATE,VERSION,ENGLISH_TO_THAI,WORD_CATEGORY) VALUES (37,null,null,null,null,0,37,1);
-- INSERT INTO ENGLISH_TO_THAI_MAP_WORD_CATEGORY (ID,CREATED_BY,CREATED_DATE,UPDATED_BY,UPDATED_DATE,VERSION,ENGLISH_TO_THAI,WORD_CATEGORY) VALUES (38,null,null,null,null,0,38,1);
-- INSERT INTO ENGLISH_TO_THAI_MAP_WORD_CATEGORY (ID,CREATED_BY,CREATED_DATE,UPDATED_BY,UPDATED_DATE,VERSION,ENGLISH_TO_THAI,WORD_CATEGORY) VALUES (39,null,null,null,null,0,39,1);
-- INSERT INTO ENGLISH_TO_THAI_MAP_WORD_CATEGORY (ID,CREATED_BY,CREATED_DATE,UPDATED_BY,UPDATED_DATE,VERSION,ENGLISH_TO_THAI,WORD_CATEGORY) VALUES (40,null,null,null,null,0,40,1);
-- INSERT INTO ENGLISH_TO_THAI_MAP_WORD_CATEGORY (ID,CREATED_BY,CREATED_DATE,UPDATED_BY,UPDATED_DATE,VERSION,ENGLISH_TO_THAI,WORD_CATEGORY) VALUES (41,null,null,null,null,0,41,1);
-- INSERT INTO ENGLISH_TO_THAI_MAP_WORD_CATEGORY (ID,CREATED_BY,CREATED_DATE,UPDATED_BY,UPDATED_DATE,VERSION,ENGLISH_TO_THAI,WORD_CATEGORY) VALUES (42,null,null,null,null,0,42,1);
-- INSERT INTO ENGLISH_TO_THAI_MAP_WORD_CATEGORY (ID,CREATED_BY,CREATED_DATE,UPDATED_BY,UPDATED_DATE,VERSION,ENGLISH_TO_THAI,WORD_CATEGORY) VALUES (43,null,null,null,null,0,43,1);
-- INSERT INTO ENGLISH_TO_THAI_MAP_WORD_CATEGORY (ID,CREATED_BY,CREATED_DATE,UPDATED_BY,UPDATED_DATE,VERSION,ENGLISH_TO_THAI,WORD_CATEGORY) VALUES (44,null,null,null,null,0,44,1);
-- INSERT INTO ENGLISH_TO_THAI_MAP_WORD_CATEGORY (ID,CREATED_BY,CREATED_DATE,UPDATED_BY,UPDATED_DATE,VERSION,ENGLISH_TO_THAI,WORD_CATEGORY) VALUES (45,null,null,null,null,0,45,1);
-- INSERT INTO ENGLISH_TO_THAI_MAP_WORD_CATEGORY (ID,CREATED_BY,CREATED_DATE,UPDATED_BY,UPDATED_DATE,VERSION,ENGLISH_TO_THAI,WORD_CATEGORY) VALUES (46,null,null,null,null,0,46,1);
-- INSERT INTO ENGLISH_TO_THAI_MAP_WORD_CATEGORY (ID,CREATED_BY,CREATED_DATE,UPDATED_BY,UPDATED_DATE,VERSION,ENGLISH_TO_THAI,WORD_CATEGORY) VALUES (47,null,null,null,null,0,47,1);
-- INSERT INTO ENGLISH_TO_THAI_MAP_WORD_CATEGORY (ID,CREATED_BY,CREATED_DATE,UPDATED_BY,UPDATED_DATE,VERSION,ENGLISH_TO_THAI,WORD_CATEGORY) VALUES (48,null,null,null,null,0,48,1);
-- INSERT INTO ENGLISH_TO_THAI_MAP_WORD_CATEGORY (ID,CREATED_BY,CREATED_DATE,UPDATED_BY,UPDATED_DATE,VERSION,ENGLISH_TO_THAI,WORD_CATEGORY) VALUES (49,null,null,null,null,0,49,1);
-- INSERT INTO ENGLISH_TO_THAI_MAP_WORD_CATEGORY (ID,CREATED_BY,CREATED_DATE,UPDATED_BY,UPDATED_DATE,VERSION,ENGLISH_TO_THAI,WORD_CATEGORY) VALUES (50,null,null,null,null,0,50,1);
-- INSERT INTO ENGLISH_TO_THAI_MAP_WORD_CATEGORY (ID,CREATED_BY,CREATED_DATE,UPDATED_BY,UPDATED_DATE,VERSION,ENGLISH_TO_THAI,WORD_CATEGORY) VALUES (51,null,null,null,null,0,51,1);
-- INSERT INTO ENGLISH_TO_THAI_MAP_WORD_CATEGORY (ID,CREATED_BY,CREATED_DATE,UPDATED_BY,UPDATED_DATE,VERSION,ENGLISH_TO_THAI,WORD_CATEGORY) VALUES (52,null,null,null,null,0,52,2);
-- INSERT INTO ENGLISH_TO_THAI_MAP_WORD_CATEGORY (ID,CREATED_BY,CREATED_DATE,UPDATED_BY,UPDATED_DATE,VERSION,ENGLISH_TO_THAI,WORD_CATEGORY) VALUES (53,null,null,null,null,0,53,2);
-- INSERT INTO ENGLISH_TO_THAI_MAP_WORD_CATEGORY (ID,CREATED_BY,CREATED_DATE,UPDATED_BY,UPDATED_DATE,VERSION,ENGLISH_TO_THAI,WORD_CATEGORY) VALUES (54,null,null,null,null,0,54,2);
-- INSERT INTO ENGLISH_TO_THAI_MAP_WORD_CATEGORY (ID,CREATED_BY,CREATED_DATE,UPDATED_BY,UPDATED_DATE,VERSION,ENGLISH_TO_THAI,WORD_CATEGORY) VALUES (55,null,null,null,null,0,55,2);
-- INSERT INTO ENGLISH_TO_THAI_MAP_WORD_CATEGORY (ID,CREATED_BY,CREATED_DATE,UPDATED_BY,UPDATED_DATE,VERSION,ENGLISH_TO_THAI,WORD_CATEGORY) VALUES (56,null,null,null,null,0,56,2);
-- INSERT INTO ENGLISH_TO_THAI_MAP_WORD_CATEGORY (ID,CREATED_BY,CREATED_DATE,UPDATED_BY,UPDATED_DATE,VERSION,ENGLISH_TO_THAI,WORD_CATEGORY) VALUES (57,null,null,null,null,0,57,2);
-- INSERT INTO ENGLISH_TO_THAI_MAP_WORD_CATEGORY (ID,CREATED_BY,CREATED_DATE,UPDATED_BY,UPDATED_DATE,VERSION,ENGLISH_TO_THAI,WORD_CATEGORY) VALUES (58,null,null,null,null,0,58,2);
-- INSERT INTO ENGLISH_TO_THAI_MAP_WORD_CATEGORY (ID,CREATED_BY,CREATED_DATE,UPDATED_BY,UPDATED_DATE,VERSION,ENGLISH_TO_THAI,WORD_CATEGORY) VALUES (59,null,null,null,null,0,59,2);
-- INSERT INTO ENGLISH_TO_THAI_MAP_WORD_CATEGORY (ID,CREATED_BY,CREATED_DATE,UPDATED_BY,UPDATED_DATE,VERSION,ENGLISH_TO_THAI,WORD_CATEGORY) VALUES (60,null,null,null,null,0,60,2);
-- INSERT INTO ENGLISH_TO_THAI_MAP_WORD_CATEGORY (ID,CREATED_BY,CREATED_DATE,UPDATED_BY,UPDATED_DATE,VERSION,ENGLISH_TO_THAI,WORD_CATEGORY) VALUES (61,null,null,null,null,0,61,2);
-- INSERT INTO ENGLISH_TO_THAI_MAP_WORD_CATEGORY (ID,CREATED_BY,CREATED_DATE,UPDATED_BY,UPDATED_DATE,VERSION,ENGLISH_TO_THAI,WORD_CATEGORY) VALUES (62,null,null,null,null,0,62,2);
-- INSERT INTO ENGLISH_TO_THAI_MAP_WORD_CATEGORY (ID,CREATED_BY,CREATED_DATE,UPDATED_BY,UPDATED_DATE,VERSION,ENGLISH_TO_THAI,WORD_CATEGORY) VALUES (63,null,null,null,null,0,63,2);
-- INSERT INTO ENGLISH_TO_THAI_MAP_WORD_CATEGORY (ID,CREATED_BY,CREATED_DATE,UPDATED_BY,UPDATED_DATE,VERSION,ENGLISH_TO_THAI,WORD_CATEGORY) VALUES (64,null,null,null,null,0,64,2);
-- INSERT INTO ENGLISH_TO_THAI_MAP_WORD_CATEGORY (ID,CREATED_BY,CREATED_DATE,UPDATED_BY,UPDATED_DATE,VERSION,ENGLISH_TO_THAI,WORD_CATEGORY) VALUES (65,null,null,null,null,0,65,2);
-- INSERT INTO ENGLISH_TO_THAI_MAP_WORD_CATEGORY (ID,CREATED_BY,CREATED_DATE,UPDATED_BY,UPDATED_DATE,VERSION,ENGLISH_TO_THAI,WORD_CATEGORY) VALUES (66,null,null,null,null,0,66,2);
-- INSERT INTO ENGLISH_TO_THAI_MAP_WORD_CATEGORY (ID,CREATED_BY,CREATED_DATE,UPDATED_BY,UPDATED_DATE,VERSION,ENGLISH_TO_THAI,WORD_CATEGORY) VALUES (67,null,null,null,null,0,67,2);
-- INSERT INTO ENGLISH_TO_THAI_MAP_WORD_CATEGORY (ID,CREATED_BY,CREATED_DATE,UPDATED_BY,UPDATED_DATE,VERSION,ENGLISH_TO_THAI,WORD_CATEGORY) VALUES (68,null,null,null,null,0,68,2);
-- INSERT INTO ENGLISH_TO_THAI_MAP_WORD_CATEGORY (ID,CREATED_BY,CREATED_DATE,UPDATED_BY,UPDATED_DATE,VERSION,ENGLISH_TO_THAI,WORD_CATEGORY) VALUES (69,null,null,null,null,0,69,2);
-- INSERT INTO ENGLISH_TO_THAI_MAP_WORD_CATEGORY (ID,CREATED_BY,CREATED_DATE,UPDATED_BY,UPDATED_DATE,VERSION,ENGLISH_TO_THAI,WORD_CATEGORY) VALUES (70,null,null,null,null,0,70,2);
-- INSERT INTO ENGLISH_TO_THAI_MAP_WORD_CATEGORY (ID,CREATED_BY,CREATED_DATE,UPDATED_BY,UPDATED_DATE,VERSION,ENGLISH_TO_THAI,WORD_CATEGORY) VALUES (71,null,null,null,null,0,71,2);
-- INSERT INTO ENGLISH_TO_THAI_MAP_WORD_CATEGORY (ID,CREATED_BY,CREATED_DATE,UPDATED_BY,UPDATED_DATE,VERSION,ENGLISH_TO_THAI,WORD_CATEGORY) VALUES (72,null,null,null,null,0,72,2);
-- INSERT INTO ENGLISH_TO_THAI_MAP_WORD_CATEGORY (ID,CREATED_BY,CREATED_DATE,UPDATED_BY,UPDATED_DATE,VERSION,ENGLISH_TO_THAI,WORD_CATEGORY) VALUES (73,null,null,null,null,0,73,2);
-- INSERT INTO ENGLISH_TO_THAI_MAP_WORD_CATEGORY (ID,CREATED_BY,CREATED_DATE,UPDATED_BY,UPDATED_DATE,VERSION,ENGLISH_TO_THAI,WORD_CATEGORY) VALUES (74,null,null,null,null,0,74,2);
-- INSERT INTO ENGLISH_TO_THAI_MAP_WORD_CATEGORY (ID,CREATED_BY,CREATED_DATE,UPDATED_BY,UPDATED_DATE,VERSION,ENGLISH_TO_THAI,WORD_CATEGORY) VALUES (75,null,null,null,null,0,75,2);
-- INSERT INTO ENGLISH_TO_THAI_MAP_WORD_CATEGORY (ID,CREATED_BY,CREATED_DATE,UPDATED_BY,UPDATED_DATE,VERSION,ENGLISH_TO_THAI,WORD_CATEGORY) VALUES (76,null,null,null,null,0,76,2);
-- INSERT INTO ENGLISH_TO_THAI_MAP_WORD_CATEGORY (ID,CREATED_BY,CREATED_DATE,UPDATED_BY,UPDATED_DATE,VERSION,ENGLISH_TO_THAI,WORD_CATEGORY) VALUES (77,null,null,null,null,0,77,2);
-- INSERT INTO ENGLISH_TO_THAI_MAP_WORD_CATEGORY (ID,CREATED_BY,CREATED_DATE,UPDATED_BY,UPDATED_DATE,VERSION,ENGLISH_TO_THAI,WORD_CATEGORY) VALUES (78,null,null,null,null,0,78,2);
-- INSERT INTO ENGLISH_TO_THAI_MAP_WORD_CATEGORY (ID,CREATED_BY,CREATED_DATE,UPDATED_BY,UPDATED_DATE,VERSION,ENGLISH_TO_THAI,WORD_CATEGORY) VALUES (79,null,null,null,null,0,79,2);
-- INSERT INTO ENGLISH_TO_THAI_MAP_WORD_CATEGORY (ID,CREATED_BY,CREATED_DATE,UPDATED_BY,UPDATED_DATE,VERSION,ENGLISH_TO_THAI,WORD_CATEGORY) VALUES (80,null,null,null,null,0,80,2);
-- INSERT INTO ENGLISH_TO_THAI_MAP_WORD_CATEGORY (ID,CREATED_BY,CREATED_DATE,UPDATED_BY,UPDATED_DATE,VERSION,ENGLISH_TO_THAI,WORD_CATEGORY) VALUES (81,null,null,null,null,0,81,2);
-- INSERT INTO ENGLISH_TO_THAI_MAP_WORD_CATEGORY (ID,CREATED_BY,CREATED_DATE,UPDATED_BY,UPDATED_DATE,VERSION,ENGLISH_TO_THAI,WORD_CATEGORY) VALUES (82,null,null,null,null,0,82,2);
-- INSERT INTO ENGLISH_TO_THAI_MAP_WORD_CATEGORY (ID,CREATED_BY,CREATED_DATE,UPDATED_BY,UPDATED_DATE,VERSION,ENGLISH_TO_THAI,WORD_CATEGORY) VALUES (83,null,null,null,null,0,83,2);
-- INSERT INTO ENGLISH_TO_THAI_MAP_WORD_CATEGORY (ID,CREATED_BY,CREATED_DATE,UPDATED_BY,UPDATED_DATE,VERSION,ENGLISH_TO_THAI,WORD_CATEGORY) VALUES (84,null,null,null,null,0,84,2);
-- INSERT INTO ENGLISH_TO_THAI_MAP_WORD_CATEGORY (ID,CREATED_BY,CREATED_DATE,UPDATED_BY,UPDATED_DATE,VERSION,ENGLISH_TO_THAI,WORD_CATEGORY) VALUES (85,null,null,null,null,0,85,2);
-- INSERT INTO ENGLISH_TO_THAI_MAP_WORD_CATEGORY (ID,CREATED_BY,CREATED_DATE,UPDATED_BY,UPDATED_DATE,VERSION,ENGLISH_TO_THAI,WORD_CATEGORY) VALUES (86,null,null,null,null,0,86,2);
-- INSERT INTO ENGLISH_TO_THAI_MAP_WORD_CATEGORY (ID,CREATED_BY,CREATED_DATE,UPDATED_BY,UPDATED_DATE,VERSION,ENGLISH_TO_THAI,WORD_CATEGORY) VALUES (87,null,null,null,null,0,87,2);
-- INSERT INTO ENGLISH_TO_THAI_MAP_WORD_CATEGORY (ID,CREATED_BY,CREATED_DATE,UPDATED_BY,UPDATED_DATE,VERSION,ENGLISH_TO_THAI,WORD_CATEGORY) VALUES (88,null,null,null,null,0,88,2);
-- INSERT INTO ENGLISH_TO_THAI_MAP_WORD_CATEGORY (ID,CREATED_BY,CREATED_DATE,UPDATED_BY,UPDATED_DATE,VERSION,ENGLISH_TO_THAI,WORD_CATEGORY) VALUES (89,null,null,null,null,0,89,2);
-- INSERT INTO ENGLISH_TO_THAI_MAP_WORD_CATEGORY (ID,CREATED_BY,CREATED_DATE,UPDATED_BY,UPDATED_DATE,VERSION,ENGLISH_TO_THAI,WORD_CATEGORY) VALUES (90,null,null,null,null,0,90,2);
-- INSERT INTO ENGLISH_TO_THAI_MAP_WORD_CATEGORY (ID,CREATED_BY,CREATED_DATE,UPDATED_BY,UPDATED_DATE,VERSION,ENGLISH_TO_THAI,WORD_CATEGORY) VALUES (91,null,null,null,null,0,91,2);
-- INSERT INTO ENGLISH_TO_THAI_MAP_WORD_CATEGORY (ID,CREATED_BY,CREATED_DATE,UPDATED_BY,UPDATED_DATE,VERSION,ENGLISH_TO_THAI,WORD_CATEGORY) VALUES (92,null,null,null,null,0,92,2);
-- INSERT INTO ENGLISH_TO_THAI_MAP_WORD_CATEGORY (ID,CREATED_BY,CREATED_DATE,UPDATED_BY,UPDATED_DATE,VERSION,ENGLISH_TO_THAI,WORD_CATEGORY) VALUES (93,null,null,null,null,0,93,2);
-- INSERT INTO ENGLISH_TO_THAI_MAP_WORD_CATEGORY (ID,CREATED_BY,CREATED_DATE,UPDATED_BY,UPDATED_DATE,VERSION,ENGLISH_TO_THAI,WORD_CATEGORY) VALUES (94,null,null,null,null,0,94,2);
-- INSERT INTO ENGLISH_TO_THAI_MAP_WORD_CATEGORY (ID,CREATED_BY,CREATED_DATE,UPDATED_BY,UPDATED_DATE,VERSION,ENGLISH_TO_THAI,WORD_CATEGORY) VALUES (95,null,null,null,null,0,95,2);
-- INSERT INTO ENGLISH_TO_THAI_MAP_WORD_CATEGORY (ID,CREATED_BY,CREATED_DATE,UPDATED_BY,UPDATED_DATE,VERSION,ENGLISH_TO_THAI,WORD_CATEGORY) VALUES (96,null,null,null,null,0,96,2);
-- INSERT INTO ENGLISH_TO_THAI_MAP_WORD_CATEGORY (ID,CREATED_BY,CREATED_DATE,UPDATED_BY,UPDATED_DATE,VERSION,ENGLISH_TO_THAI,WORD_CATEGORY) VALUES (97,null,null,null,null,0,97,2);
-- INSERT INTO ENGLISH_TO_THAI_MAP_WORD_CATEGORY (ID,CREATED_BY,CREATED_DATE,UPDATED_BY,UPDATED_DATE,VERSION,ENGLISH_TO_THAI,WORD_CATEGORY) VALUES (98,null,null,null,null,0,98,4);
-- INSERT INTO ENGLISH_TO_THAI_MAP_WORD_CATEGORY (ID,CREATED_BY,CREATED_DATE,UPDATED_BY,UPDATED_DATE,VERSION,ENGLISH_TO_THAI,WORD_CATEGORY) VALUES (99,null,null,null,null,0,99,4);
-- INSERT INTO ENGLISH_TO_THAI_MAP_WORD_CATEGORY (ID,CREATED_BY,CREATED_DATE,UPDATED_BY,UPDATED_DATE,VERSION,ENGLISH_TO_THAI,WORD_CATEGORY) VALUES (100,null,null,null,null,0,100,4);
-- INSERT INTO ENGLISH_TO_THAI_MAP_WORD_CATEGORY (ID,CREATED_BY,CREATED_DATE,UPDATED_BY,UPDATED_DATE,VERSION,ENGLISH_TO_THAI,WORD_CATEGORY) VALUES (101,null,null,null,null,0,101,4);
-- INSERT INTO ENGLISH_TO_THAI_MAP_WORD_CATEGORY (ID,CREATED_BY,CREATED_DATE,UPDATED_BY,UPDATED_DATE,VERSION,ENGLISH_TO_THAI,WORD_CATEGORY) VALUES (102,null,null,null,null,0,102,4);
-- INSERT INTO ENGLISH_TO_THAI_MAP_WORD_CATEGORY (ID,CREATED_BY,CREATED_DATE,UPDATED_BY,UPDATED_DATE,VERSION,ENGLISH_TO_THAI,WORD_CATEGORY) VALUES (103,null,null,null,null,0,103,4);
-- INSERT INTO ENGLISH_TO_THAI_MAP_WORD_CATEGORY (ID,CREATED_BY,CREATED_DATE,UPDATED_BY,UPDATED_DATE,VERSION,ENGLISH_TO_THAI,WORD_CATEGORY) VALUES (104,null,null,null,null,0,104,4);
-- INSERT INTO ENGLISH_TO_THAI_MAP_WORD_CATEGORY (ID,CREATED_BY,CREATED_DATE,UPDATED_BY,UPDATED_DATE,VERSION,ENGLISH_TO_THAI,WORD_CATEGORY) VALUES (105,null,null,null,null,0,105,4);
-- INSERT INTO ENGLISH_TO_THAI_MAP_WORD_CATEGORY (ID,CREATED_BY,CREATED_DATE,UPDATED_BY,UPDATED_DATE,VERSION,ENGLISH_TO_THAI,WORD_CATEGORY) VALUES (106,null,null,null,null,0,106,4);
-- INSERT INTO ENGLISH_TO_THAI_MAP_WORD_CATEGORY (ID,CREATED_BY,CREATED_DATE,UPDATED_BY,UPDATED_DATE,VERSION,ENGLISH_TO_THAI,WORD_CATEGORY) VALUES (107,null,null,null,null,0,107,4);
-- INSERT INTO ENGLISH_TO_THAI_MAP_WORD_CATEGORY (ID,CREATED_BY,CREATED_DATE,UPDATED_BY,UPDATED_DATE,VERSION,ENGLISH_TO_THAI,WORD_CATEGORY) VALUES (108,null,null,null,null,0,108,4);
-- INSERT INTO ENGLISH_TO_THAI_MAP_WORD_CATEGORY (ID,CREATED_BY,CREATED_DATE,UPDATED_BY,UPDATED_DATE,VERSION,ENGLISH_TO_THAI,WORD_CATEGORY) VALUES (109,null,null,null,null,0,109,4);
-- INSERT INTO ENGLISH_TO_THAI_MAP_WORD_CATEGORY (ID,CREATED_BY,CREATED_DATE,UPDATED_BY,UPDATED_DATE,VERSION,ENGLISH_TO_THAI,WORD_CATEGORY) VALUES (110,null,null,null,null,0,110,4);
-- INSERT INTO ENGLISH_TO_THAI_MAP_WORD_CATEGORY (ID,CREATED_BY,CREATED_DATE,UPDATED_BY,UPDATED_DATE,VERSION,ENGLISH_TO_THAI,WORD_CATEGORY) VALUES (111,null,null,null,null,0,111,4);
-- INSERT INTO ENGLISH_TO_THAI_MAP_WORD_CATEGORY (ID,CREATED_BY,CREATED_DATE,UPDATED_BY,UPDATED_DATE,VERSION,ENGLISH_TO_THAI,WORD_CATEGORY) VALUES (112,null,null,null,null,0,112,4);
-- INSERT INTO ENGLISH_TO_THAI_MAP_WORD_CATEGORY (ID,CREATED_BY,CREATED_DATE,UPDATED_BY,UPDATED_DATE,VERSION,ENGLISH_TO_THAI,WORD_CATEGORY) VALUES (113,null,null,null,null,0,113,4);
-- INSERT INTO ENGLISH_TO_THAI_MAP_WORD_CATEGORY (ID,CREATED_BY,CREATED_DATE,UPDATED_BY,UPDATED_DATE,VERSION,ENGLISH_TO_THAI,WORD_CATEGORY) VALUES (114,null,null,null,null,0,114,4);
-- INSERT INTO ENGLISH_TO_THAI_MAP_WORD_CATEGORY (ID,CREATED_BY,CREATED_DATE,UPDATED_BY,UPDATED_DATE,VERSION,ENGLISH_TO_THAI,WORD_CATEGORY) VALUES (115,null,null,null,null,0,115,4);
-- INSERT INTO ENGLISH_TO_THAI_MAP_WORD_CATEGORY (ID,CREATED_BY,CREATED_DATE,UPDATED_BY,UPDATED_DATE,VERSION,ENGLISH_TO_THAI,WORD_CATEGORY) VALUES (116,null,null,null,null,0,116,4);
-- INSERT INTO ENGLISH_TO_THAI_MAP_WORD_CATEGORY (ID,CREATED_BY,CREATED_DATE,UPDATED_BY,UPDATED_DATE,VERSION,ENGLISH_TO_THAI,WORD_CATEGORY) VALUES (117,null,null,null,null,0,117,4);
--
-- INSERT INTO ENGLISH_TO_THAI_MAP_VOCABULARY_TYPES (ID,CREATED_BY,CREATED_DATE,UPDATED_BY,UPDATED_DATE,VERSION,ENGLISH_TO_THAI,VOCABULARY_TYPES) VALUES (1,null,null,null,null,0,1,1);
-- INSERT INTO ENGLISH_TO_THAI_MAP_VOCABULARY_TYPES (ID,CREATED_BY,CREATED_DATE,UPDATED_BY,UPDATED_DATE,VERSION,ENGLISH_TO_THAI,VOCABULARY_TYPES) VALUES (2,null,null,null,null,0,2,1);
-- INSERT INTO ENGLISH_TO_THAI_MAP_VOCABULARY_TYPES (ID,CREATED_BY,CREATED_DATE,UPDATED_BY,UPDATED_DATE,VERSION,ENGLISH_TO_THAI,VOCABULARY_TYPES) VALUES (3,null,null,null,null,0,3,1);
-- INSERT INTO ENGLISH_TO_THAI_MAP_VOCABULARY_TYPES (ID,CREATED_BY,CREATED_DATE,UPDATED_BY,UPDATED_DATE,VERSION,ENGLISH_TO_THAI,VOCABULARY_TYPES) VALUES (4,null,null,null,null,0,4,1);
-- INSERT INTO ENGLISH_TO_THAI_MAP_VOCABULARY_TYPES (ID,CREATED_BY,CREATED_DATE,UPDATED_BY,UPDATED_DATE,VERSION,ENGLISH_TO_THAI,VOCABULARY_TYPES) VALUES (5,null,null,null,null,0,5,1);
-- INSERT INTO ENGLISH_TO_THAI_MAP_VOCABULARY_TYPES (ID,CREATED_BY,CREATED_DATE,UPDATED_BY,UPDATED_DATE,VERSION,ENGLISH_TO_THAI,VOCABULARY_TYPES) VALUES (6,null,null,null,null,0,6,1);
-- INSERT INTO ENGLISH_TO_THAI_MAP_VOCABULARY_TYPES (ID,CREATED_BY,CREATED_DATE,UPDATED_BY,UPDATED_DATE,VERSION,ENGLISH_TO_THAI,VOCABULARY_TYPES) VALUES (7,null,null,null,null,0,7,1);
-- INSERT INTO ENGLISH_TO_THAI_MAP_VOCABULARY_TYPES (ID,CREATED_BY,CREATED_DATE,UPDATED_BY,UPDATED_DATE,VERSION,ENGLISH_TO_THAI,VOCABULARY_TYPES) VALUES (8,null,null,null,null,0,8,1);
-- INSERT INTO ENGLISH_TO_THAI_MAP_VOCABULARY_TYPES (ID,CREATED_BY,CREATED_DATE,UPDATED_BY,UPDATED_DATE,VERSION,ENGLISH_TO_THAI,VOCABULARY_TYPES) VALUES (9,null,null,null,null,0,9,1);
-- INSERT INTO ENGLISH_TO_THAI_MAP_VOCABULARY_TYPES (ID,CREATED_BY,CREATED_DATE,UPDATED_BY,UPDATED_DATE,VERSION,ENGLISH_TO_THAI,VOCABULARY_TYPES) VALUES (10,null,null,null,null,0,10,1);
-- INSERT INTO ENGLISH_TO_THAI_MAP_VOCABULARY_TYPES (ID,CREATED_BY,CREATED_DATE,UPDATED_BY,UPDATED_DATE,VERSION,ENGLISH_TO_THAI,VOCABULARY_TYPES) VALUES (11,null,null,null,null,0,11,1);
-- INSERT INTO ENGLISH_TO_THAI_MAP_VOCABULARY_TYPES (ID,CREATED_BY,CREATED_DATE,UPDATED_BY,UPDATED_DATE,VERSION,ENGLISH_TO_THAI,VOCABULARY_TYPES) VALUES (12,null,null,null,null,0,12,1);
-- INSERT INTO ENGLISH_TO_THAI_MAP_VOCABULARY_TYPES (ID,CREATED_BY,CREATED_DATE,UPDATED_BY,UPDATED_DATE,VERSION,ENGLISH_TO_THAI,VOCABULARY_TYPES) VALUES (13,null,null,null,null,0,13,1);
-- INSERT INTO ENGLISH_TO_THAI_MAP_VOCABULARY_TYPES (ID,CREATED_BY,CREATED_DATE,UPDATED_BY,UPDATED_DATE,VERSION,ENGLISH_TO_THAI,VOCABULARY_TYPES) VALUES (14,null,null,null,null,0,14,1);
-- INSERT INTO ENGLISH_TO_THAI_MAP_VOCABULARY_TYPES (ID,CREATED_BY,CREATED_DATE,UPDATED_BY,UPDATED_DATE,VERSION,ENGLISH_TO_THAI,VOCABULARY_TYPES) VALUES (15,null,null,null,null,0,15,1);
-- INSERT INTO ENGLISH_TO_THAI_MAP_VOCABULARY_TYPES (ID,CREATED_BY,CREATED_DATE,UPDATED_BY,UPDATED_DATE,VERSION,ENGLISH_TO_THAI,VOCABULARY_TYPES) VALUES (16,null,null,null,null,0,16,1);
-- INSERT INTO ENGLISH_TO_THAI_MAP_VOCABULARY_TYPES (ID,CREATED_BY,CREATED_DATE,UPDATED_BY,UPDATED_DATE,VERSION,ENGLISH_TO_THAI,VOCABULARY_TYPES) VALUES (17,null,null,null,null,0,17,1);
-- INSERT INTO ENGLISH_TO_THAI_MAP_VOCABULARY_TYPES (ID,CREATED_BY,CREATED_DATE,UPDATED_BY,UPDATED_DATE,VERSION,ENGLISH_TO_THAI,VOCABULARY_TYPES) VALUES (18,null,null,null,null,0,18,1);
-- INSERT INTO ENGLISH_TO_THAI_MAP_VOCABULARY_TYPES (ID,CREATED_BY,CREATED_DATE,UPDATED_BY,UPDATED_DATE,VERSION,ENGLISH_TO_THAI,VOCABULARY_TYPES) VALUES (19,null,null,null,null,0,19,1);
-- INSERT INTO ENGLISH_TO_THAI_MAP_VOCABULARY_TYPES (ID,CREATED_BY,CREATED_DATE,UPDATED_BY,UPDATED_DATE,VERSION,ENGLISH_TO_THAI,VOCABULARY_TYPES) VALUES (20,null,null,null,null,0,20,1);
-- INSERT INTO ENGLISH_TO_THAI_MAP_VOCABULARY_TYPES (ID,CREATED_BY,CREATED_DATE,UPDATED_BY,UPDATED_DATE,VERSION,ENGLISH_TO_THAI,VOCABULARY_TYPES) VALUES (21,null,null,null,null,0,21,1);
-- INSERT INTO ENGLISH_TO_THAI_MAP_VOCABULARY_TYPES (ID,CREATED_BY,CREATED_DATE,UPDATED_BY,UPDATED_DATE,VERSION,ENGLISH_TO_THAI,VOCABULARY_TYPES) VALUES (22,null,null,null,null,0,22,1);
-- INSERT INTO ENGLISH_TO_THAI_MAP_VOCABULARY_TYPES (ID,CREATED_BY,CREATED_DATE,UPDATED_BY,UPDATED_DATE,VERSION,ENGLISH_TO_THAI,VOCABULARY_TYPES) VALUES (23,null,null,null,null,0,23,1);
-- INSERT INTO ENGLISH_TO_THAI_MAP_VOCABULARY_TYPES (ID,CREATED_BY,CREATED_DATE,UPDATED_BY,UPDATED_DATE,VERSION,ENGLISH_TO_THAI,VOCABULARY_TYPES) VALUES (24,null,null,null,null,0,24,1);
-- INSERT INTO ENGLISH_TO_THAI_MAP_VOCABULARY_TYPES (ID,CREATED_BY,CREATED_DATE,UPDATED_BY,UPDATED_DATE,VERSION,ENGLISH_TO_THAI,VOCABULARY_TYPES) VALUES (25,null,null,null,null,0,25,1);
-- INSERT INTO ENGLISH_TO_THAI_MAP_VOCABULARY_TYPES (ID,CREATED_BY,CREATED_DATE,UPDATED_BY,UPDATED_DATE,VERSION,ENGLISH_TO_THAI,VOCABULARY_TYPES) VALUES (26,null,null,null,null,0,26,1);
-- INSERT INTO ENGLISH_TO_THAI_MAP_VOCABULARY_TYPES (ID,CREATED_BY,CREATED_DATE,UPDATED_BY,UPDATED_DATE,VERSION,ENGLISH_TO_THAI,VOCABULARY_TYPES) VALUES (27,null,null,null,null,0,27,1);
-- INSERT INTO ENGLISH_TO_THAI_MAP_VOCABULARY_TYPES (ID,CREATED_BY,CREATED_DATE,UPDATED_BY,UPDATED_DATE,VERSION,ENGLISH_TO_THAI,VOCABULARY_TYPES) VALUES (28,null,null,null,null,0,28,1);
-- INSERT INTO ENGLISH_TO_THAI_MAP_VOCABULARY_TYPES (ID,CREATED_BY,CREATED_DATE,UPDATED_BY,UPDATED_DATE,VERSION,ENGLISH_TO_THAI,VOCABULARY_TYPES) VALUES (29,null,null,null,null,0,29,1);
-- INSERT INTO ENGLISH_TO_THAI_MAP_VOCABULARY_TYPES (ID,CREATED_BY,CREATED_DATE,UPDATED_BY,UPDATED_DATE,VERSION,ENGLISH_TO_THAI,VOCABULARY_TYPES) VALUES (30,null,null,null,null,0,30,1);
-- INSERT INTO ENGLISH_TO_THAI_MAP_VOCABULARY_TYPES (ID,CREATED_BY,CREATED_DATE,UPDATED_BY,UPDATED_DATE,VERSION,ENGLISH_TO_THAI,VOCABULARY_TYPES) VALUES (31,null,null,null,null,0,31,1);
-- INSERT INTO ENGLISH_TO_THAI_MAP_VOCABULARY_TYPES (ID,CREATED_BY,CREATED_DATE,UPDATED_BY,UPDATED_DATE,VERSION,ENGLISH_TO_THAI,VOCABULARY_TYPES) VALUES (32,null,null,null,null,0,32,1);
-- INSERT INTO ENGLISH_TO_THAI_MAP_VOCABULARY_TYPES (ID,CREATED_BY,CREATED_DATE,UPDATED_BY,UPDATED_DATE,VERSION,ENGLISH_TO_THAI,VOCABULARY_TYPES) VALUES (33,null,null,null,null,0,33,1);
-- INSERT INTO ENGLISH_TO_THAI_MAP_VOCABULARY_TYPES (ID,CREATED_BY,CREATED_DATE,UPDATED_BY,UPDATED_DATE,VERSION,ENGLISH_TO_THAI,VOCABULARY_TYPES) VALUES (34,null,null,null,null,0,34,1);
-- INSERT INTO ENGLISH_TO_THAI_MAP_VOCABULARY_TYPES (ID,CREATED_BY,CREATED_DATE,UPDATED_BY,UPDATED_DATE,VERSION,ENGLISH_TO_THAI,VOCABULARY_TYPES) VALUES (35,null,null,null,null,0,35,1);
-- INSERT INTO ENGLISH_TO_THAI_MAP_VOCABULARY_TYPES (ID,CREATED_BY,CREATED_DATE,UPDATED_BY,UPDATED_DATE,VERSION,ENGLISH_TO_THAI,VOCABULARY_TYPES) VALUES (36,null,null,null,null,0,36,1);
-- INSERT INTO ENGLISH_TO_THAI_MAP_VOCABULARY_TYPES (ID,CREATED_BY,CREATED_DATE,UPDATED_BY,UPDATED_DATE,VERSION,ENGLISH_TO_THAI,VOCABULARY_TYPES) VALUES (37,null,null,null,null,0,37,1);
-- INSERT INTO ENGLISH_TO_THAI_MAP_VOCABULARY_TYPES (ID,CREATED_BY,CREATED_DATE,UPDATED_BY,UPDATED_DATE,VERSION,ENGLISH_TO_THAI,VOCABULARY_TYPES) VALUES (38,null,null,null,null,0,38,1);
-- INSERT INTO ENGLISH_TO_THAI_MAP_VOCABULARY_TYPES (ID,CREATED_BY,CREATED_DATE,UPDATED_BY,UPDATED_DATE,VERSION,ENGLISH_TO_THAI,VOCABULARY_TYPES) VALUES (39,null,null,null,null,0,39,1);
-- INSERT INTO ENGLISH_TO_THAI_MAP_VOCABULARY_TYPES (ID,CREATED_BY,CREATED_DATE,UPDATED_BY,UPDATED_DATE,VERSION,ENGLISH_TO_THAI,VOCABULARY_TYPES) VALUES (40,null,null,null,null,0,40,1);
-- INSERT INTO ENGLISH_TO_THAI_MAP_VOCABULARY_TYPES (ID,CREATED_BY,CREATED_DATE,UPDATED_BY,UPDATED_DATE,VERSION,ENGLISH_TO_THAI,VOCABULARY_TYPES) VALUES (41,null,null,null,null,0,41,1);
-- INSERT INTO ENGLISH_TO_THAI_MAP_VOCABULARY_TYPES (ID,CREATED_BY,CREATED_DATE,UPDATED_BY,UPDATED_DATE,VERSION,ENGLISH_TO_THAI,VOCABULARY_TYPES) VALUES (42,null,null,null,null,0,42,1);
-- INSERT INTO ENGLISH_TO_THAI_MAP_VOCABULARY_TYPES (ID,CREATED_BY,CREATED_DATE,UPDATED_BY,UPDATED_DATE,VERSION,ENGLISH_TO_THAI,VOCABULARY_TYPES) VALUES (43,null,null,null,null,0,43,1);
-- INSERT INTO ENGLISH_TO_THAI_MAP_VOCABULARY_TYPES (ID,CREATED_BY,CREATED_DATE,UPDATED_BY,UPDATED_DATE,VERSION,ENGLISH_TO_THAI,VOCABULARY_TYPES) VALUES (44,null,null,null,null,0,44,1);
-- INSERT INTO ENGLISH_TO_THAI_MAP_VOCABULARY_TYPES (ID,CREATED_BY,CREATED_DATE,UPDATED_BY,UPDATED_DATE,VERSION,ENGLISH_TO_THAI,VOCABULARY_TYPES) VALUES (45,null,null,null,null,0,45,1);
-- INSERT INTO ENGLISH_TO_THAI_MAP_VOCABULARY_TYPES (ID,CREATED_BY,CREATED_DATE,UPDATED_BY,UPDATED_DATE,VERSION,ENGLISH_TO_THAI,VOCABULARY_TYPES) VALUES (46,null,null,null,null,0,46,1);
-- INSERT INTO ENGLISH_TO_THAI_MAP_VOCABULARY_TYPES (ID,CREATED_BY,CREATED_DATE,UPDATED_BY,UPDATED_DATE,VERSION,ENGLISH_TO_THAI,VOCABULARY_TYPES) VALUES (47,null,null,null,null,0,47,1);
-- INSERT INTO ENGLISH_TO_THAI_MAP_VOCABULARY_TYPES (ID,CREATED_BY,CREATED_DATE,UPDATED_BY,UPDATED_DATE,VERSION,ENGLISH_TO_THAI,VOCABULARY_TYPES) VALUES (48,null,null,null,null,0,48,1);
-- INSERT INTO ENGLISH_TO_THAI_MAP_VOCABULARY_TYPES (ID,CREATED_BY,CREATED_DATE,UPDATED_BY,UPDATED_DATE,VERSION,ENGLISH_TO_THAI,VOCABULARY_TYPES) VALUES (49,null,null,null,null,0,49,1);
-- INSERT INTO ENGLISH_TO_THAI_MAP_VOCABULARY_TYPES (ID,CREATED_BY,CREATED_DATE,UPDATED_BY,UPDATED_DATE,VERSION,ENGLISH_TO_THAI,VOCABULARY_TYPES) VALUES (50,null,null,null,null,0,50,1);
-- INSERT INTO ENGLISH_TO_THAI_MAP_VOCABULARY_TYPES (ID,CREATED_BY,CREATED_DATE,UPDATED_BY,UPDATED_DATE,VERSION,ENGLISH_TO_THAI,VOCABULARY_TYPES) VALUES (51,null,null,null,null,0,51,1);
-- INSERT INTO ENGLISH_TO_THAI_MAP_VOCABULARY_TYPES (ID,CREATED_BY,CREATED_DATE,UPDATED_BY,UPDATED_DATE,VERSION,ENGLISH_TO_THAI,VOCABULARY_TYPES) VALUES (52,null,null,null,null,0,52,1);
-- INSERT INTO ENGLISH_TO_THAI_MAP_VOCABULARY_TYPES (ID,CREATED_BY,CREATED_DATE,UPDATED_BY,UPDATED_DATE,VERSION,ENGLISH_TO_THAI,VOCABULARY_TYPES) VALUES (53,null,null,null,null,0,53,1);
-- INSERT INTO ENGLISH_TO_THAI_MAP_VOCABULARY_TYPES (ID,CREATED_BY,CREATED_DATE,UPDATED_BY,UPDATED_DATE,VERSION,ENGLISH_TO_THAI,VOCABULARY_TYPES) VALUES (54,null,null,null,null,0,54,1);
-- INSERT INTO ENGLISH_TO_THAI_MAP_VOCABULARY_TYPES (ID,CREATED_BY,CREATED_DATE,UPDATED_BY,UPDATED_DATE,VERSION,ENGLISH_TO_THAI,VOCABULARY_TYPES) VALUES (55,null,null,null,null,0,55,1);
-- INSERT INTO ENGLISH_TO_THAI_MAP_VOCABULARY_TYPES (ID,CREATED_BY,CREATED_DATE,UPDATED_BY,UPDATED_DATE,VERSION,ENGLISH_TO_THAI,VOCABULARY_TYPES) VALUES (56,null,null,null,null,0,56,1);
-- INSERT INTO ENGLISH_TO_THAI_MAP_VOCABULARY_TYPES (ID,CREATED_BY,CREATED_DATE,UPDATED_BY,UPDATED_DATE,VERSION,ENGLISH_TO_THAI,VOCABULARY_TYPES) VALUES (57,null,null,null,null,0,57,1);
-- INSERT INTO ENGLISH_TO_THAI_MAP_VOCABULARY_TYPES (ID,CREATED_BY,CREATED_DATE,UPDATED_BY,UPDATED_DATE,VERSION,ENGLISH_TO_THAI,VOCABULARY_TYPES) VALUES (58,null,null,null,null,0,58,1);
-- INSERT INTO ENGLISH_TO_THAI_MAP_VOCABULARY_TYPES (ID,CREATED_BY,CREATED_DATE,UPDATED_BY,UPDATED_DATE,VERSION,ENGLISH_TO_THAI,VOCABULARY_TYPES) VALUES (59,null,null,null,null,0,59,1);
-- INSERT INTO ENGLISH_TO_THAI_MAP_VOCABULARY_TYPES (ID,CREATED_BY,CREATED_DATE,UPDATED_BY,UPDATED_DATE,VERSION,ENGLISH_TO_THAI,VOCABULARY_TYPES) VALUES (60,null,null,null,null,0,60,1);
-- INSERT INTO ENGLISH_TO_THAI_MAP_VOCABULARY_TYPES (ID,CREATED_BY,CREATED_DATE,UPDATED_BY,UPDATED_DATE,VERSION,ENGLISH_TO_THAI,VOCABULARY_TYPES) VALUES (61,null,null,null,null,0,61,1);
-- INSERT INTO ENGLISH_TO_THAI_MAP_VOCABULARY_TYPES (ID,CREATED_BY,CREATED_DATE,UPDATED_BY,UPDATED_DATE,VERSION,ENGLISH_TO_THAI,VOCABULARY_TYPES) VALUES (62,null,null,null,null,0,62,1);
-- INSERT INTO ENGLISH_TO_THAI_MAP_VOCABULARY_TYPES (ID,CREATED_BY,CREATED_DATE,UPDATED_BY,UPDATED_DATE,VERSION,ENGLISH_TO_THAI,VOCABULARY_TYPES) VALUES (63,null,null,null,null,0,63,1);
-- INSERT INTO ENGLISH_TO_THAI_MAP_VOCABULARY_TYPES (ID,CREATED_BY,CREATED_DATE,UPDATED_BY,UPDATED_DATE,VERSION,ENGLISH_TO_THAI,VOCABULARY_TYPES) VALUES (64,null,null,null,null,0,64,1);
-- INSERT INTO ENGLISH_TO_THAI_MAP_VOCABULARY_TYPES (ID,CREATED_BY,CREATED_DATE,UPDATED_BY,UPDATED_DATE,VERSION,ENGLISH_TO_THAI,VOCABULARY_TYPES) VALUES (65,null,null,null,null,0,65,1);
-- INSERT INTO ENGLISH_TO_THAI_MAP_VOCABULARY_TYPES (ID,CREATED_BY,CREATED_DATE,UPDATED_BY,UPDATED_DATE,VERSION,ENGLISH_TO_THAI,VOCABULARY_TYPES) VALUES (66,null,null,null,null,0,66,1);
-- INSERT INTO ENGLISH_TO_THAI_MAP_VOCABULARY_TYPES (ID,CREATED_BY,CREATED_DATE,UPDATED_BY,UPDATED_DATE,VERSION,ENGLISH_TO_THAI,VOCABULARY_TYPES) VALUES (67,null,null,null,null,0,67,1);
-- INSERT INTO ENGLISH_TO_THAI_MAP_VOCABULARY_TYPES (ID,CREATED_BY,CREATED_DATE,UPDATED_BY,UPDATED_DATE,VERSION,ENGLISH_TO_THAI,VOCABULARY_TYPES) VALUES (68,null,null,null,null,0,68,1);
-- INSERT INTO ENGLISH_TO_THAI_MAP_VOCABULARY_TYPES (ID,CREATED_BY,CREATED_DATE,UPDATED_BY,UPDATED_DATE,VERSION,ENGLISH_TO_THAI,VOCABULARY_TYPES) VALUES (69,null,null,null,null,0,69,1);
-- INSERT INTO ENGLISH_TO_THAI_MAP_VOCABULARY_TYPES (ID,CREATED_BY,CREATED_DATE,UPDATED_BY,UPDATED_DATE,VERSION,ENGLISH_TO_THAI,VOCABULARY_TYPES) VALUES (70,null,null,null,null,0,70,1);
-- INSERT INTO ENGLISH_TO_THAI_MAP_VOCABULARY_TYPES (ID,CREATED_BY,CREATED_DATE,UPDATED_BY,UPDATED_DATE,VERSION,ENGLISH_TO_THAI,VOCABULARY_TYPES) VALUES (71,null,null,null,null,0,71,1);
-- INSERT INTO ENGLISH_TO_THAI_MAP_VOCABULARY_TYPES (ID,CREATED_BY,CREATED_DATE,UPDATED_BY,UPDATED_DATE,VERSION,ENGLISH_TO_THAI,VOCABULARY_TYPES) VALUES (72,null,null,null,null,0,72,1);
-- INSERT INTO ENGLISH_TO_THAI_MAP_VOCABULARY_TYPES (ID,CREATED_BY,CREATED_DATE,UPDATED_BY,UPDATED_DATE,VERSION,ENGLISH_TO_THAI,VOCABULARY_TYPES) VALUES (73,null,null,null,null,0,73,1);
-- INSERT INTO ENGLISH_TO_THAI_MAP_VOCABULARY_TYPES (ID,CREATED_BY,CREATED_DATE,UPDATED_BY,UPDATED_DATE,VERSION,ENGLISH_TO_THAI,VOCABULARY_TYPES) VALUES (74,null,null,null,null,0,74,1);
-- INSERT INTO ENGLISH_TO_THAI_MAP_VOCABULARY_TYPES (ID,CREATED_BY,CREATED_DATE,UPDATED_BY,UPDATED_DATE,VERSION,ENGLISH_TO_THAI,VOCABULARY_TYPES) VALUES (75,null,null,null,null,0,75,1);
-- INSERT INTO ENGLISH_TO_THAI_MAP_VOCABULARY_TYPES (ID,CREATED_BY,CREATED_DATE,UPDATED_BY,UPDATED_DATE,VERSION,ENGLISH_TO_THAI,VOCABULARY_TYPES) VALUES (76,null,null,null,null,0,76,1);
-- INSERT INTO ENGLISH_TO_THAI_MAP_VOCABULARY_TYPES (ID,CREATED_BY,CREATED_DATE,UPDATED_BY,UPDATED_DATE,VERSION,ENGLISH_TO_THAI,VOCABULARY_TYPES) VALUES (77,null,null,null,null,0,77,1);
-- INSERT INTO ENGLISH_TO_THAI_MAP_VOCABULARY_TYPES (ID,CREATED_BY,CREATED_DATE,UPDATED_BY,UPDATED_DATE,VERSION,ENGLISH_TO_THAI,VOCABULARY_TYPES) VALUES (78,null,null,null,null,0,78,1);
-- INSERT INTO ENGLISH_TO_THAI_MAP_VOCABULARY_TYPES (ID,CREATED_BY,CREATED_DATE,UPDATED_BY,UPDATED_DATE,VERSION,ENGLISH_TO_THAI,VOCABULARY_TYPES) VALUES (79,null,null,null,null,0,79,1);
-- INSERT INTO ENGLISH_TO_THAI_MAP_VOCABULARY_TYPES (ID,CREATED_BY,CREATED_DATE,UPDATED_BY,UPDATED_DATE,VERSION,ENGLISH_TO_THAI,VOCABULARY_TYPES) VALUES (80,null,null,null,null,0,80,1);
-- INSERT INTO ENGLISH_TO_THAI_MAP_VOCABULARY_TYPES (ID,CREATED_BY,CREATED_DATE,UPDATED_BY,UPDATED_DATE,VERSION,ENGLISH_TO_THAI,VOCABULARY_TYPES) VALUES (81,null,null,null,null,0,81,1);
-- INSERT INTO ENGLISH_TO_THAI_MAP_VOCABULARY_TYPES (ID,CREATED_BY,CREATED_DATE,UPDATED_BY,UPDATED_DATE,VERSION,ENGLISH_TO_THAI,VOCABULARY_TYPES) VALUES (82,null,null,null,null,0,82,1);
-- INSERT INTO ENGLISH_TO_THAI_MAP_VOCABULARY_TYPES (ID,CREATED_BY,CREATED_DATE,UPDATED_BY,UPDATED_DATE,VERSION,ENGLISH_TO_THAI,VOCABULARY_TYPES) VALUES (83,null,null,null,null,0,83,1);
-- INSERT INTO ENGLISH_TO_THAI_MAP_VOCABULARY_TYPES (ID,CREATED_BY,CREATED_DATE,UPDATED_BY,UPDATED_DATE,VERSION,ENGLISH_TO_THAI,VOCABULARY_TYPES) VALUES (84,null,null,null,null,0,84,1);
-- INSERT INTO ENGLISH_TO_THAI_MAP_VOCABULARY_TYPES (ID,CREATED_BY,CREATED_DATE,UPDATED_BY,UPDATED_DATE,VERSION,ENGLISH_TO_THAI,VOCABULARY_TYPES) VALUES (85,null,null,null,null,0,85,1);
-- INSERT INTO ENGLISH_TO_THAI_MAP_VOCABULARY_TYPES (ID,CREATED_BY,CREATED_DATE,UPDATED_BY,UPDATED_DATE,VERSION,ENGLISH_TO_THAI,VOCABULARY_TYPES) VALUES (86,null,null,null,null,0,86,1);
-- INSERT INTO ENGLISH_TO_THAI_MAP_VOCABULARY_TYPES (ID,CREATED_BY,CREATED_DATE,UPDATED_BY,UPDATED_DATE,VERSION,ENGLISH_TO_THAI,VOCABULARY_TYPES) VALUES (87,null,null,null,null,0,87,1);
-- INSERT INTO ENGLISH_TO_THAI_MAP_VOCABULARY_TYPES (ID,CREATED_BY,CREATED_DATE,UPDATED_BY,UPDATED_DATE,VERSION,ENGLISH_TO_THAI,VOCABULARY_TYPES) VALUES (88,null,null,null,null,0,88,1);
-- INSERT INTO ENGLISH_TO_THAI_MAP_VOCABULARY_TYPES (ID,CREATED_BY,CREATED_DATE,UPDATED_BY,UPDATED_DATE,VERSION,ENGLISH_TO_THAI,VOCABULARY_TYPES) VALUES (89,null,null,null,null,0,89,1);
-- INSERT INTO ENGLISH_TO_THAI_MAP_VOCABULARY_TYPES (ID,CREATED_BY,CREATED_DATE,UPDATED_BY,UPDATED_DATE,VERSION,ENGLISH_TO_THAI,VOCABULARY_TYPES) VALUES (90,null,null,null,null,0,90,1);
-- INSERT INTO ENGLISH_TO_THAI_MAP_VOCABULARY_TYPES (ID,CREATED_BY,CREATED_DATE,UPDATED_BY,UPDATED_DATE,VERSION,ENGLISH_TO_THAI,VOCABULARY_TYPES) VALUES (91,null,null,null,null,0,91,1);
-- INSERT INTO ENGLISH_TO_THAI_MAP_VOCABULARY_TYPES (ID,CREATED_BY,CREATED_DATE,UPDATED_BY,UPDATED_DATE,VERSION,ENGLISH_TO_THAI,VOCABULARY_TYPES) VALUES (92,null,null,null,null,0,92,1);
-- INSERT INTO ENGLISH_TO_THAI_MAP_VOCABULARY_TYPES (ID,CREATED_BY,CREATED_DATE,UPDATED_BY,UPDATED_DATE,VERSION,ENGLISH_TO_THAI,VOCABULARY_TYPES) VALUES (93,null,null,null,null,0,93,1);
-- INSERT INTO ENGLISH_TO_THAI_MAP_VOCABULARY_TYPES (ID,CREATED_BY,CREATED_DATE,UPDATED_BY,UPDATED_DATE,VERSION,ENGLISH_TO_THAI,VOCABULARY_TYPES) VALUES (94,null,null,null,null,0,94,1);
-- INSERT INTO ENGLISH_TO_THAI_MAP_VOCABULARY_TYPES (ID,CREATED_BY,CREATED_DATE,UPDATED_BY,UPDATED_DATE,VERSION,ENGLISH_TO_THAI,VOCABULARY_TYPES) VALUES (95,null,null,null,null,0,95,1);
-- INSERT INTO ENGLISH_TO_THAI_MAP_VOCABULARY_TYPES (ID,CREATED_BY,CREATED_DATE,UPDATED_BY,UPDATED_DATE,VERSION,ENGLISH_TO_THAI,VOCABULARY_TYPES) VALUES (96,null,null,null,null,0,96,1);
-- INSERT INTO ENGLISH_TO_THAI_MAP_VOCABULARY_TYPES (ID,CREATED_BY,CREATED_DATE,UPDATED_BY,UPDATED_DATE,VERSION,ENGLISH_TO_THAI,VOCABULARY_TYPES) VALUES (97,null,null,null,null,0,97,1);
-- INSERT INTO ENGLISH_TO_THAI_MAP_VOCABULARY_TYPES (ID,CREATED_BY,CREATED_DATE,UPDATED_BY,UPDATED_DATE,VERSION,ENGLISH_TO_THAI,VOCABULARY_TYPES) VALUES (98,null,null,null,null,0,98,1);
-- INSERT INTO ENGLISH_TO_THAI_MAP_VOCABULARY_TYPES (ID,CREATED_BY,CREATED_DATE,UPDATED_BY,UPDATED_DATE,VERSION,ENGLISH_TO_THAI,VOCABULARY_TYPES) VALUES (99,null,null,null,null,0,99,1);
-- INSERT INTO ENGLISH_TO_THAI_MAP_VOCABULARY_TYPES (ID,CREATED_BY,CREATED_DATE,UPDATED_BY,UPDATED_DATE,VERSION,ENGLISH_TO_THAI,VOCABULARY_TYPES) VALUES (100,null,null,null,null,0,100,1);
-- INSERT INTO ENGLISH_TO_THAI_MAP_VOCABULARY_TYPES (ID,CREATED_BY,CREATED_DATE,UPDATED_BY,UPDATED_DATE,VERSION,ENGLISH_TO_THAI,VOCABULARY_TYPES) VALUES (101,null,null,null,null,0,101,1);
-- INSERT INTO ENGLISH_TO_THAI_MAP_VOCABULARY_TYPES (ID,CREATED_BY,CREATED_DATE,UPDATED_BY,UPDATED_DATE,VERSION,ENGLISH_TO_THAI,VOCABULARY_TYPES) VALUES (102,null,null,null,null,0,102,1);
-- INSERT INTO ENGLISH_TO_THAI_MAP_VOCABULARY_TYPES (ID,CREATED_BY,CREATED_DATE,UPDATED_BY,UPDATED_DATE,VERSION,ENGLISH_TO_THAI,VOCABULARY_TYPES) VALUES (103,null,null,null,null,0,103,1);
-- INSERT INTO ENGLISH_TO_THAI_MAP_VOCABULARY_TYPES (ID,CREATED_BY,CREATED_DATE,UPDATED_BY,UPDATED_DATE,VERSION,ENGLISH_TO_THAI,VOCABULARY_TYPES) VALUES (104,null,null,null,null,0,104,1);
-- INSERT INTO ENGLISH_TO_THAI_MAP_VOCABULARY_TYPES (ID,CREATED_BY,CREATED_DATE,UPDATED_BY,UPDATED_DATE,VERSION,ENGLISH_TO_THAI,VOCABULARY_TYPES) VALUES (105,null,null,null,null,0,105,1);
-- INSERT INTO ENGLISH_TO_THAI_MAP_VOCABULARY_TYPES (ID,CREATED_BY,CREATED_DATE,UPDATED_BY,UPDATED_DATE,VERSION,ENGLISH_TO_THAI,VOCABULARY_TYPES) VALUES (106,null,null,null,null,0,106,1);
-- INSERT INTO ENGLISH_TO_THAI_MAP_VOCABULARY_TYPES (ID,CREATED_BY,CREATED_DATE,UPDATED_BY,UPDATED_DATE,VERSION,ENGLISH_TO_THAI,VOCABULARY_TYPES) VALUES (107,null,null,null,null,0,107,1);
-- INSERT INTO ENGLISH_TO_THAI_MAP_VOCABULARY_TYPES (ID,CREATED_BY,CREATED_DATE,UPDATED_BY,UPDATED_DATE,VERSION,ENGLISH_TO_THAI,VOCABULARY_TYPES) VALUES (108,null,null,null,null,0,108,1);
-- INSERT INTO ENGLISH_TO_THAI_MAP_VOCABULARY_TYPES (ID,CREATED_BY,CREATED_DATE,UPDATED_BY,UPDATED_DATE,VERSION,ENGLISH_TO_THAI,VOCABULARY_TYPES) VALUES (109,null,null,null,null,0,109,1);
-- INSERT INTO ENGLISH_TO_THAI_MAP_VOCABULARY_TYPES (ID,CREATED_BY,CREATED_DATE,UPDATED_BY,UPDATED_DATE,VERSION,ENGLISH_TO_THAI,VOCABULARY_TYPES) VALUES (110,null,null,null,null,0,110,1);
-- INSERT INTO ENGLISH_TO_THAI_MAP_VOCABULARY_TYPES (ID,CREATED_BY,CREATED_DATE,UPDATED_BY,UPDATED_DATE,VERSION,ENGLISH_TO_THAI,VOCABULARY_TYPES) VALUES (111,null,null,null,null,0,111,1);
-- INSERT INTO ENGLISH_TO_THAI_MAP_VOCABULARY_TYPES (ID,CREATED_BY,CREATED_DATE,UPDATED_BY,UPDATED_DATE,VERSION,ENGLISH_TO_THAI,VOCABULARY_TYPES) VALUES (112,null,null,null,null,0,112,1);
-- INSERT INTO ENGLISH_TO_THAI_MAP_VOCABULARY_TYPES (ID,CREATED_BY,CREATED_DATE,UPDATED_BY,UPDATED_DATE,VERSION,ENGLISH_TO_THAI,VOCABULARY_TYPES) VALUES (113,null,null,null,null,0,113,1);
-- INSERT INTO ENGLISH_TO_THAI_MAP_VOCABULARY_TYPES (ID,CREATED_BY,CREATED_DATE,UPDATED_BY,UPDATED_DATE,VERSION,ENGLISH_TO_THAI,VOCABULARY_TYPES) VALUES (114,null,null,null,null,0,114,1);
-- INSERT INTO ENGLISH_TO_THAI_MAP_VOCABULARY_TYPES (ID,CREATED_BY,CREATED_DATE,UPDATED_BY,UPDATED_DATE,VERSION,ENGLISH_TO_THAI,VOCABULARY_TYPES) VALUES (115,null,null,null,null,0,115,1);
-- INSERT INTO ENGLISH_TO_THAI_MAP_VOCABULARY_TYPES (ID,CREATED_BY,CREATED_DATE,UPDATED_BY,UPDATED_DATE,VERSION,ENGLISH_TO_THAI,VOCABULARY_TYPES) VALUES (116,null,null,null,null,0,116,1);
-- INSERT INTO ENGLISH_TO_THAI_MAP_VOCABULARY_TYPES (ID,CREATED_BY,CREATED_DATE,UPDATED_BY,UPDATED_DATE,VERSION,ENGLISH_TO_THAI,VOCABULARY_TYPES) VALUES (117,null,null,null,null,0,117,1);